status,utilization,remarks
"Fully Functional","No Utilization","brand new, never used but installed; Manufacturer service hotline 866-885-9794; service@binder-world.com"
"Fully Functional","Very Low","user not trained"
"Fully Functional",Normal,"Installed Jan 2012"
"Fully Functional",Normal,"Installed Jan 2012"
"Fully Functional","No Utilization","user not trained"
"Fully Functional","No Utilization","user not trained; not being used; installed Jan 2012; no user manual"
"Fully Functional","No Utilization","user not trained; all parts available; brand new in package; english user manual available"
"Fully Functional","No Utilization","user not trained; all parts available; brand new in package; english user manual available"
"Fully Functional",Normal,"install Jan 2012"
"Needs Minor Repair","No Utilization","filter needs to be changed"
"Needs Minor Repair","No Utilization","power cord missing"
"Fully Functional","No Utilization","not needed right now; not being used; installed Jan 2012"
"Fully Functional","No Utilization","Installed Jan 2012"
"Fully Functional",Normal,NULL
"Fully Functional",Normal,NULL
"Fully Functional",Normal,NULL
"Needs Minor Repair","No Utilization","Missing power cord; Possibly other unknown problems"
"Needs Major Repair","No Utilization",NULL
"Needs Major Repair","No Utilization","very old, not sure if it works"
"Needs Major Repair","No Utilization",NULL
"Fully Functional",Normal,NULL
"Fully Functional",Normal,NULL
"Fully Functional",Normal,NULL
"Fully Functional",Normal,"Installed June 15th 2006"
"Fully Functional",Normal,"Installed 27 March 2004"
"Fully Functional",Normal,"Installed 6 Jan 2009"
"Fully Functional",Normal,"Installed 12 Nov 2007"
"Not Functional","No Utilization","currently being repaired (fuse box); installed 27 March 2007"
"Fully Functional",Normal,"Date est told 27th of March 2007"
"Not Functional","No Utilization","unknown electrical issus"
"Not Functional","No Utilization","Electrical problem"
"Fully Functional","No Utilization","not used because xray is broken"
"Needs Major Repair","No Utilization","very old filament possibly damaged; spare parts no longer available . Need fluoroscopic machine with image intensifier"
"Fully Functional","No Utilization","not used because xray is broken"
"Fully Functional",Normal,NULL
"Fully Functional",Normal,NULL
"Needs Major Repair",Normal,"Rinsing and washing tank used together (not recommended) Needs Digital"
"Needs Major Repair",Normal,NULL
"Fully Functional",Normal,NULL
"Fully Functional","Very Low","the older of 2 ultrasounds"
"Fully Functional","Very Low","the older of 2 ultrasounds"
"Fully Functional",Normal,NULL
"Fully Functional",Normal,NULL
"Not Functional","No Utilization","screen does not light up"
"Not Functional","No Utilization","never used, needs halothane vaporizer; gas and air lines do not match tanks and compressor"
"Fully Functional",Normal,NULL
"Fully Functional",Normal,"not connected to anything"
"Not Functional","No Utilization","unknown problem, never been used"
"Fully Functional","Very High",NULL
"Fully Functional",Normal,NULL
"Fully Functional",Normal,NULL
"Fully Functional",Normal,NULL
"Fully Functional","Very Low","no problem"
"Fully Functional",Normal,NULL
"Fully Functional","Very High","hooked up to #51 anesthesia machine"
"Fully Functional","Very High","only suction machine in main theater"
"Fully Functional",Normal,NULL
"Not Functional","No Utilization","some parts broken"
"Fully Functional","Very High",NULL
"Not Functional","No Utilization","it needs repair"
"Fully Functional","Very High","no problem"
"Fully Functional","No Utilization","not installed"
"Not Functional","No Utilization","needs repair"
"Not Functional","No Utilization","unknown electrical issue"
"Not Functional","No Utilization",broken
"Fully Functional",Normal,NULL
"Fully Functional",Normal,NULL
"Needs Major Repair",Normal,"spare parts not available"
"Needs Major Repair","Very High",NULL
"Fully Functional","Very High",NULL
"Not Functional","No Utilization",NULL
"Fully Functional",Normal,NULL
"Fully Functional",Normal,NULL
"Not Functional","No Utilization","atesting no be not working"
"Not Functional","No Utilization",NULL
"Not Functional","No Utilization",NULL
"Fully Functional",Normal,NULL
"Fully Functional",Normal,NULL
"Fully Functional",Normal,NULL
"Needs Minor Repair",Normal,NULL
"Fully Functional","Very High",NULL
"Fully Functional",Normal,NULL
"Needs Minor Repair","Very Low","not calibrated; in the wrong department"
"Fully Functional",Normal,NULL
"Not Functional","No Utilization",NULL
"Needs Major Repair","Very High",NULL
"Needs Major Repair",Normal,NULL
"Not Functional","No Utilization","wrong light for dental clinic. Wrong parts, no bulb, using flashlight instead"
"Fully Functional","No Utilization","no need for Ward Bed in department; used as a desk for dentist"
"Needs Minor Repair",Normal,NULL
"Fully Functional",Normal,NULL
"Needs Minor Repair",Normal,"Broken bulb"
"Fully Functional",Normal,NULL
"Fully Functional",Normal,NULL
"Fully Functional",Normal,NULL
"Fully Functional",Normal,NULL
"Fully Functional",Normal,NULL
"Fully Functional",Normal,NULL
"Fully Functional",Normal,NULL
"Fully Functional",Normal,NULL
"Fully Functional",Normal,NULL
"Not Functional","No Utilization",NULL
"Fully Functional",Normal,NULL
"Fully Functional","No Utilization","used as desk, patients not seen in room"
"Fully Functional",Normal,NULL
"Fully Functional",Normal,NULL
"Fully Functional",Normal,NULL
"Not Functional","No Utilization",NULL
"Not Functional","No Utilization",broken
"Fully Functional",Normal,NULL
"Fully Functional",Normal,NULL
"Needs Minor Repair","Very High",NULL
"Needs Minor Repair","Very High",NULL
"Fully Functional","Very Low",NULL
"Not Functional","No Utilization",NULL
"Fully Functional",Normal,NULL
"Not Functional","No Utilization",NULL
"Needs Major Repair","Very Low",NULL
"Fully Functional","No Utilization","sitting idle in main corridor"
"Not Functional","No Utilization",NULL
"Fully Functional",Normal,NULL
"Fully Functional",Normal,NULL
"Fully Functional",Normal,NULL
"Fully Functional",Normal,NULL
"Fully Functional",Normal,NULL
"Fully Functional",Normal,NULL
"Fully Functional",Normal,NULL
"Fully Functional",Normal,NULL
"Fully Functional","Very High",NULL
"Not Functional","No Utilization",NULL
"Not Functional","No Utilization",NULL
"Fully Functional",Normal,NULL
"Fully Functional","Very Low",NULL
"Not Functional","No Utilization",NULL
"Fully Functional","Very High",NULL
"Not Functional","No Utilization",NULL
"Needs Major Repair","No Utilization"," "
"Fully Functional","Very High",NULL
"Not Functional","No Utilization",NULL
"Fully Functional",Normal,NULL
"Fully Functional","No Utilization",NULL
"Not Functional","No Utilization",NULL
"Needs Major Repair","Very Low",NULL
"Fully Functional",Normal,NULL
"Not Functional","No Utilization",NULL
"Fully Functional",Normal,NULL
"Not Functional","No Utilization",NULL
"Fully Functional",Normal,NULL
"Fully Functional",Normal,NULL
"Fully Functional",Normal,NULL
"Not Functional","No Utilization",NULL
"Not Functional","No Utilization",NULL
"Not Functional","No Utilization",NULL
"Needs Minor Repair","No Utilization",NULL
"Fully Functional","No Utilization",NULL
"Needs Minor Repair","No Utilization","needs electrode"
"Fully Functional",Normal,NULL
"Fully Functional",Normal,NULL
"Not Functional","No Utilization",NULL
"Fully Functional","No Utilization","Not installed"
"Not Functional","No Utilization",NULL
"Fully Functional",Normal,NULL
"Fully Functional",Normal,NULL
"Needs Minor Repair","No Utilization",NULL
"Not Functional","No Utilization",NULL
"Fully Functional",Normal,NULL
"Fully Functional",Normal,NULL
"Fully Functional",Normal,NULL
"Fully Functional",Normal,NULL
"Fully Functional",Normal,NULL
"Fully Functional",Normal,NULL
"Fully Functional",Normal,NULL
"Fully Functional",Normal,NULL
"Fully Functional",Normal,NULL
"Fully Functional",Normal,NULL
"Fully Functional",Normal,NULL
"Fully Functional",Normal,NULL
"Fully Functional",Normal,NULL
"Fully Functional",Normal,NULL
"Fully Functional",Normal,NULL
"Fully Functional",Normal,NULL
"Fully Functional",Normal,NULL
"Fully Functional",Normal,NULL
"Fully Functional",Normal,NULL
"Fully Functional",Normal,NULL
"Fully Functional",Normal,NULL
"Fully Functional",Normal,NULL
"Fully Functional",Normal,NULL
"Fully Functional",Normal,NULL
"Fully Functional",Normal,NULL
"Fully Functional",Normal,NULL
"Needs Minor Repair","Very Low",NULL
"Fully Functional",Normal,NULL
"Fully Functional",Normal,NULL
"Fully Functional",Normal,NULL
"Fully Functional",Normal,NULL
"Fully Functional",Normal,NULL
"Fully Functional",Normal,NULL
"Needs Major Repair",Normal,NULL
"Fully Functional",Normal,NULL
"Fully Functional",Normal,NULL
"Fully Functional",Normal,NULL
"Fully Functional",Normal,NULL
"Fully Functional",Normal,NULL
"Fully Functional",Normal,NULL
"Fully Functional",Normal,NULL
"Fully Functional",Normal,NULL
"Fully Functional",Normal,NULL
"Fully Functional",Normal,NULL
"Fully Functional",Normal,NULL
"Fully Functional",Normal,NULL
"Fully Functional",Normal,NULL
"Fully Functional",Normal,NULL
"Fully Functional",Normal,NULL
"Fully Functional",Normal,NULL
"Fully Functional",Normal,NULL
"Fully Functional",Normal,NULL
"Fully Functional",Normal,NULL
"Fully Functional",Normal,NULL
"Fully Functional",Normal,NULL
"Fully Functional",Normal,NULL
"Fully Functional",Normal,NULL
"Fully Functional",Normal,NULL
"Fully Functional",Normal,"user entry error?"
"Fully Functional",Normal,NULL
"Fully Functional",Normal,NULL
"Fully Functional",Normal,NULL
"Fully Functional",Normal,NULL
"Fully Functional",Normal,NULL
"Fully Functional",Normal,NULL
"Fully Functional",Normal,"user entry error?"
"Fully Functional",Normal,"user entry error?"
"Fully Functional",Normal,"user entry error?"
"Fully Functional",Normal,"user entry error?"
"Needs Minor Repair",Normal,"user entry error?"
"Fully Functional",Normal,"user entry error?"
"Needs Minor Repair",Normal,"user entry error?"
"Fully Functional",Normal,"user entry error?"
"Needs Minor Repair",Normal,"user entry error?"
"Needs Minor Repair",Normal,"user entry error?"
"Fully Functional",Normal,"user entry error?"
"Fully Functional",Normal,"user entry error?"
"Fully Functional",Normal,"user entry error?"
"Fully Functional",Normal,"user entry error?"
"Fully Functional",Normal,NULL
"Needs Major Repair","Very Low",NULL
"Not Functional","No Utilization",NULL
"Fully Functional",Normal,NULL
"Needs Minor Repair","Very High","user entry error?"
"Needs Minor Repair","Very High","user entry error?"
"Needs Minor Repair","Very High","user entry error?"
"Needs Minor Repair","Very High","user entry error?"
"Needs Minor Repair","Very High","user entry error?"
"Needs Minor Repair","Very High","user entry error?"
"Needs Minor Repair","Very High","user entry error?"
"Needs Minor Repair","Very High","user entry error?"
"Fully Functional",Normal,"user entry error?"
"Fully Functional",Normal,"user entry error?"
"Fully Functional",Normal,"user entry error?"
"Fully Functional",Normal,"user entry error?"
"Fully Functional",Normal,"user entry error?"
"Fully Functional",Normal,"user entry error?"
"Fully Functional",Normal,"user entry error?"
"Fully Functional",Normal,"user entry error?"
"Fully Functional",Normal,"user entry error?"
"Fully Functional",Normal,"user entry error?"
"Fully Functional",Normal,"user entry error?"
"Needs Minor Repair","Very High",NULL
"Fully Functional",Normal,NULL
"Fully Functional",Normal,NULL
"Fully Functional",Normal,NULL
"Needs Major Repair","No Utilization",NULL
"Needs Major Repair","Very High",NULL
"Fully Functional",Normal,"user entry error?"
"Fully Functional",Normal,"user entry error?"
"Fully Functional",Normal,NULL
"Fully Functional",Normal,"user entry error?"
"Fully Functional",Normal,"user entry error?"
"Needs Minor Repair","Very High","user entry error?"
"Needs Minor Repair","Very High","user entry error?"
"Fully Functional",Normal,"user entry error?"
"Not Functional","No Utilization",NULL
"Not Functional","No Utilization",NULL
"Fully Functional",Normal,"user entry error?"
"Fully Functional",Normal,"user entry error?"
"Fully Functional",Normal,NULL
"Fully Functional",Normal,NULL
"Fully Functional",Normal,NULL
"Needs Major Repair","Very High",NULL
"Fully Functional",Normal,NULL
"Not Functional","No Utilization",NULL
"Fully Functional",Normal,NULL
"Not Functional","No Utilization",NULL
"Fully Functional",Normal,NULL
"Not Functional","No Utilization",NULL
"Fully Functional",Normal,NULL
"Fully Functional",Normal,NULL
"Not Functional",Normal,NULL
"Not Functional","No Utilization",NULL
"Not Functional","No Utilization",NULL
"Not Functional","No Utilization",NULL
"Not Functional","No Utilization",NULL
"Not Functional","No Utilization",NULL
"Not Functional","No Utilization",NULL
"Not Functional","No Utilization",NULL
"Fully Functional","No Utilization",NULL
"Not Functional","No Utilization",NULL
"Fully Functional","No Utilization",NULL
"Not Functional","No Utilization","needs new bulb"
"Not Functional","No Utilization",irreparable
"Not Functional","No Utilization",NULL
"Fully Functional","No Utilization",NULL
"Fully Functional","No Utilization",NULL
"Fully Functional","No Utilization",NULL
"Not Functional","No Utilization",NULL
"Needs Minor Repair","Very High","user entry error?"
"Needs Minor Repair","Very High","user entry error?"
"Fully Functional",Normal,NULL
"Fully Functional",Normal,NULL
"Fully Functional",Normal,NULL
"Fully Functional",Normal,NULL
"Needs Minor Repair",Normal,"gas down"
"Fully Functional",Normal,NULL
"Fully Functional",Normal,NULL
"Fully Functional",Normal,NULL
"Fully Functional",Normal,NULL
"Not Functional","No Utilization","timer defective"
"Fully Functional",Normal,NULL
"Fully Functional","No Utilization","occasional electrical errors"
"Fully Functional",Normal,NULL
"Fully Functional","No Utilization","not needed"
"Fully Functional","No Utilization","not needed"
"Fully Functional","No Utilization","not needed"
"Fully Functional",Normal,NULL
"Fully Functional",Normal,NULL
"Not Functional","No Utilization","power cord cut and frayed"
"Fully Functional",Normal,NULL
"Fully Functional",Normal,NULL
"Fully Functional","Very High",NULL
"Fully Functional","Very High",NULL
"Fully Functional","Very High",NULL
"Fully Functional",Normal,NULL
"Fully Functional",Normal,"Installed 2011, camera needs upgrade"
"Fully Functional",Normal,NULL
"Fully Functional",Normal,NULL
"Fully Functional",Normal,NULL
"Fully Functional",Normal,NULL
"Fully Functional",Normal,NULL
"Fully Functional",Normal,NULL
"Needs Minor Repair","No Utilization","Needs air stabilization sensor. Part has been received but not yet installed."
"Fully Functional",Normal,NULL
"Fully Functional",Normal,NULL
"Fully Functional",Normal,NULL
"Fully Functional",Normal,NULL
"Needs Minor Repair",Normal,"Heating element defective, right de/calcifying agent a problem"
"Fully Functional",Normal,NULL
"Fully Functional",Normal,NULL
"Fully Functional","No Utilization",NULL
"Not Functional","No Utilization","Power cord is frayed"
"Not Functional","No Utilization",NULL
"Fully Functional","No Utilization","Needs reagents"
"Fully Functional",Normal,NULL
"Not Functional","No Utilization",NULL
"Fully Functional","No Utilization","Needs reagents"
"Not Functional","No Utilization","Needs gasket"
"Needs Major Repair",Normal,NULL
"Fully Functional",Normal,NULL
"Fully Functional",Normal,NULL
"Needs Minor Repair",Normal,"Does not display mass readings"
"Fully Functional",Normal,NULL
"Fully Functional",Normal,NULL
"Fully Functional",Normal,"BD: +254(20)2738339/40"
"Fully Functional",Normal,"BD: +254(20)2738339/40"
"Fully Functional",Normal,NULL
"Fully Functional",Normal,NULL
"Fully Functional",Normal,NULL
"Fully Functional",Normal,NULL
"Fully Functional","Very Low",NULL
"Fully Functional",Normal,NULL
"Fully Functional","No Utilization","Not callibrated"
"Fully Functional",Normal,NULL
"Fully Functional",Normal,NULL
"Fully Functional",Normal,NULL
"Fully Functional",Normal,NULL
"Fully Functional",Normal,NULL
"Fully Functional",Normal,"New, check warranty"
"Fully Functional",Normal,"New, check warranty"
"Fully Functional",Normal,"New, check warranty"
"Fully Functional",Normal,"New, check warranty"
"Fully Functional",Normal,"New, check warranty"
"Fully Functional",Normal,"New, check warranty"
"Fully Functional",Normal,NULL
"Fully Functional",Normal,NULL
"Fully Functional",Normal,NULL
"Fully Functional",Normal,NULL
"Needs Major Repair","Very Low",NULL
"Fully Functional","No Utilization",NULL
"Needs Major Repair","No Utilization",NULL
"Fully Functional",Normal,NULL
"Fully Functional",Normal,NULL
"Fully Functional",Normal,NULL
"Fully Functional",Normal,NULL
"Fully Functional",Normal,NULL
"Needs Major Repair",Normal,NULL
"Fully Functional",Normal,NULL
"Fully Functional",Normal,NULL
"Fully Functional",Normal,NULL
"Fully Functional",Normal,NULL
"Fully Functional",Normal,NULL
"Fully Functional",Normal,NULL
"Fully Functional",Normal,NULL
"Fully Functional",Normal,NULL
"Fully Functional",Normal,NULL
"Fully Functional",Normal,NULL
"Fully Functional",Normal,NULL
"Not Functional","No Utilization","cannot be fixed, kept for spare parts"
"Not Functional","No Utilization",NULL
"Not Functional","No Utilization",NULL
"Not Functional","No Utilization",NULL
"Fully Functional","No Utilization",NULL
"Fully Functional","No Utilization",NULL
"Not Functional","No Utilization",NULL
"Fully Functional","No Utilization","replaced by newer model"
"Not Functional","No Utilization",NULL
"Not Functional","No Utilization",NULL
"Not Functional","No Utilization",NULL
"Not Functional","No Utilization",NULL
"Not Functional","No Utilization",NULL
"Not Functional","No Utilization",NULL
"Not Functional","No Utilization",NULL
"Not Functional","No Utilization",NULL
"Not Functional","No Utilization",NULL
"Not Functional","No Utilization",NULL
"Not Functional","No Utilization",NULL
"Not Functional","No Utilization",NULL
"Not Functional","No Utilization",NULL
"Not Functional","No Utilization",NULL
"Not Functional","No Utilization",NULL
"Not Functional","No Utilization",NULL
"Not Functional","No Utilization",NULL
"Not Functional","No Utilization",NULL
"Not Functional","No Utilization",NULL
"Not Functional","No Utilization",NULL
"Not Functional","No Utilization",NULL
"Not Functional","No Utilization",NULL
"Not Functional","No Utilization",NULL
"Fully Functional","No Utilization",NULL
"Fully Functional","No Utilization",NULL
"Fully Functional","No Utilization",NULL
"Fully Functional","No Utilization",NULL
"Fully Functional","No Utilization",NULL
"Fully Functional","No Utilization",NULL
"Fully Functional","Very Low",NULL
"Fully Functional",Normal,NULL
"Fully Functional",Normal,NULL
"Fully Functional",Normal,"Sanas conducts yearly calibrations"
"Fully Functional",Normal,NULL
"Fully Functional",Normal,NULL
"Fully Functional",Normal,NULL
"Fully Functional",Normal,NULL
"Fully Functional",Normal,NULL
"Fully Functional",Normal,NULL
"Fully Functional",Normal,NULL
"Fully Functional",Normal,NULL
"Fully Functional",Normal,NULL
"Fully Functional",Normal,NULL
"Fully Functional",Normal,NULL
"Fully Functional",Normal,NULL
"Fully Functional",Normal,NULL
"Fully Functional",Normal,NULL
"Fully Functional",Normal,"Calibrated by Sanas, Preventive Maitenance by Sanas"
"Fully Functional",Normal,NULL
"Fully Functional",Normal,NULL
"Fully Functional",Normal,"Calibrated by Sanas"
"Fully Functional","No Utilization","No use because reagents not available"
"Fully Functional",Normal,NULL
"Fully Functional",Normal,NULL
"Fully Functional",Normal,NULL
"Fully Functional",Normal,NULL
"Fully Functional",Normal,NULL
"Fully Functional","No Utilization","No use because reagents not available"
"Fully Functional","No Utilization","No use because reagents not available"
"Fully Functional",Normal,NULL
"Fully Functional",Normal,NULL
"Fully Functional",Normal,NULL
"Fully Functional","No Utilization","Incompatible plug, 110v 60HZ"
"Fully Functional","No Utilization","Some accessories missing + incompatible plug, 90V"
"Not Functional","No Utilization",NULL
"Not Functional","No Utilization","Accessories incomplete"
"Not Functional","No Utilization","Accessories incomplete"
"Not Functional","No Utilization","Accessories incomplete"
"Fully Functional",Normal,NULL
"Fully Functional",Normal,NULL
"Fully Functional","No Utilization","Has not been installed"
"Not Functional","No Utilization","Compressor broken"
"Not Functional","No Utilization",NULL
"Fully Functional",Normal,NULL
"Fully Functional",Normal,NULL
"Fully Functional",Normal,NULL
"Not Functional","No Utilization",NULL
"Not Functional","No Utilization","Never been used, key slot is broken, bulb is missing, key is missing. Damaged from movement"
"Fully Functional",Normal,NULL
"Fully Functional",Normal,NULL
"Fully Functional","No Utilization","Another one in use"
"Not Functional","No Utilization",NULL
"Not Functional","No Utilization",NULL
"Not Functional","No Utilization",NULL
"Fully Functional","No Utilization",NULL
"Fully Functional","No Utilization",NULL
"Fully Functional","No Utilization","Another one in use"
"Fully Functional","No Utilization","Another one in use"
"Fully Functional","No Utilization","Another one in use"
"Fully Functional","No Utilization","Another one in use"
"Fully Functional","No Utilization","Another one in use"
"Fully Functional","Very Low","Another one in use"
"Fully Functional","No Utilization","Another one in use"
"Fully Functional","No Utilization","Another one in use"
"Fully Functional","No Utilization","Another one in use"
"Fully Functional",Normal,NULL
"Fully Functional","No Utilization","Another one in use"
"Fully Functional","No Utilization",NULL
"Fully Functional","No Utilization",NULL
"Fully Functional","No Utilization","Reagents out of stock"
"Not Functional","No Utilization",NULL
"Not Functional","No Utilization",NULL
"Not Functional","No Utilization",NULL
"Fully Functional","Very High","International Hotline: +49(0) 7462/2005-555, service@binder-world.com"
"Fully Functional",Normal,NULL
"Fully Functional",Normal,NULL
"Fully Functional",Normal,NULL
"Fully Functional",Normal,NULL
"Fully Functional",Normal,"Kas Medics +255222111896, adarsha@kasmedics.com"
"Fully Functional",Normal,NULL
"Fully Functional","No Utilization","Another one in use"
"Fully Functional","Very High",NULL
"Fully Functional",Normal,NULL
"Not Functional","No Utilization",NULL
"Fully Functional",Normal,NULL
"Fully Functional",Normal,NULL
"Fully Functional",Normal,NULL
"Fully Functional",Normal,NULL
"Fully Functional",Normal,NULL
"Fully Functional",Normal,NULL
"Fully Functional",Normal,NULL
"Fully Functional",Normal,NULL
"Fully Functional",Normal,NULL
"Fully Functional",Normal,NULL
"Not Functional","No Utilization",NULL
"Not Functional","No Utilization","Bulb broken"
"Fully Functional",Normal,NULL
"Fully Functional",Normal,NULL
"Not Functional","No Utilization",NULL
"Not Functional","No Utilization",NULL
"Not Functional","No Utilization",NULL
"Fully Functional","No Utilization",NULL
"Fully Functional",Normal,NULL
"Not Functional","No Utilization","Funder: Azur 58008, Israel, sach@barak-online.net, 972-3-558-9656"
"Fully Functional","No Utilization","no use because Ultrasound not in use"
"Fully Functional","No Utilization","no use because Ultrasound not in use"
"Fully Functional",Normal,NULL
"Fully Functional",Normal,NULL
"Fully Functional",Normal,NULL
"Fully Functional",Normal,NULL
"Fully Functional",Normal,NULL
"Fully Functional",Normal,NULL
"Fully Functional",Normal,NULL
"Fully Functional",Normal,NULL
"Fully Functional",Normal,NULL
"Fully Functional",Normal,NULL
"Fully Functional",Normal,NULL
"Fully Functional",Normal,NULL
"Fully Functional",Normal,NULL
"Fully Functional",Normal,NULL
"Fully Functional",Normal,NULL
"Fully Functional",Normal,NULL
"Fully Functional",Normal,NULL
"Fully Functional",Normal,NULL
"Fully Functional",Normal,NULL
"Fully Functional",Normal,NULL
"Fully Functional",Normal,NULL
"Fully Functional",Normal,NULL
"Fully Functional",Normal,NULL
"Fully Functional",Normal,NULL
"Fully Functional",Normal,NULL
"Fully Functional",Normal,NULL
"Not Functional","No Utilization",NULL
"Needs Major Repair","Very Low","2 table legs broken"
"Fully Functional",Normal,NULL
"Fully Functional",Normal,NULL
"Not Functional","No Utilization","comes with infant-holding chair, technical support: 18006383722"
"Not Functional","No Utilization","comes with infant-holding tray"
"Not Functional","No Utilization","switch not working"
"Fully Functional",Normal,NULL
"Fully Functional",Normal,NULL
"Fully Functional",Normal,NULL
"Fully Functional",Normal,NULL
"Fully Functional",Normal,NULL
"Fully Functional",Normal,NULL
"Fully Functional",Normal,NULL
"Fully Functional",Normal,NULL
"Not Functional","No Utilization",NULL
"Fully Functional",Normal,NULL
"Fully Functional",Normal,NULL
"Fully Functional",Normal,NULL
"Not Functional","No Utilization",NULL
"Not Functional","No Utilization",NULL
"Needs Minor Repair",Normal,"metal frame under mattresses broken"
"Needs Minor Repair",Normal,"metal frame under mattresses broken"
"Needs Minor Repair",Normal,"metal frame under mattresses broken"
"Fully Functional",Normal,"with child cuff"
"Not Functional","No Utilization","w/o cuff"
"Fully Functional",Normal,"with child cuff"
"Not Functional","No Utilization","with child cuff"
"Fully Functional","No Utilization","this is a spare - another one is in use, technical supoort: 8001300845"
"Fully Functional","Very High",NULL
"Fully Functional",Normal,NULL
"Fully Functional","Very High",NULL
"Fully Functional","Very High","repaired by danida"
"Fully Functional",Normal,NULL
"Fully Functional",Normal,NULL
"Fully Functional",Normal,NULL
"Fully Functional","Very High",NULL
"Fully Functional","Very High",NULL
"Fully Functional","Very High",NULL
"Fully Functional",Normal,NULL
"Fully Functional",Normal,NULL
"Fully Functional","Very High",NULL
"Fully Functional","Very High",NULL
"Fully Functional","Very High",NULL
"Needs Minor Repair","Very Low",NULL
"Not Functional","No Utilization",NULL
"Not Functional","No Utilization","broken electrodes"
"Fully Functional",Normal,NULL
"Not Functional","No Utilization",NULL
"Fully Functional",Normal,NULL
"Not Functional","No Utilization",NULL
"Fully Functional",Normal,NULL
"Fully Functional",Normal,NULL
"Fully Functional",Normal,NULL
"Fully Functional",Normal,NULL
"Fully Functional","Very Low","info at puretone.net"
"Fully Functional","Very Low",NULL
"Fully Functional","Very Low",NULL
"Fully Functional",Normal,NULL
"Needs Minor Repair","No Utilization","need to buy rechargeable battery with 4V or AA battery. Printer not working. Guy Mark Contact +44[0]1384410848 www.guymark.com"
"Not Functional","No Utilization",NULL
"Fully Functional",Normal,NULL
"Fully Functional",Normal,NULL
"Fully Functional",Normal,NULL
"Fully Functional",Normal,NULL
"Fully Functional",Normal,NULL
"Fully Functional",Normal,NULL
"Fully Functional",Normal,NULL
"Fully Functional",Normal,NULL
"Fully Functional",Normal,"Donor: Dr Drysdale, a.drysdale2@gmail.com"
"Fully Functional",Normal,NULL
"Fully Functional",Normal,NULL
"Fully Functional",Normal,NULL
"Not Functional","No Utilization",NULL
"Fully Functional",Normal,NULL
"Fully Functional",Normal,NULL
"Fully Functional",Normal,NULL
"Fully Functional",Normal,NULL
"Fully Functional",Normal,NULL
"Fully Functional",Normal,NULL
"Fully Functional",Normal,NULL
"Fully Functional",Normal,NULL
"Fully Functional",Normal,NULL
"Fully Functional",Normal,NULL
"Fully Functional",Normal,NULL
"Not Functional","No Utilization",NULL
"Not Functional","No Utilization",NULL
"Fully Functional",Normal,NULL
"Fully Functional",Normal,NULL
"Fully Functional",Normal,NULL
"Fully Functional",Normal,NULL
"Fully Functional",Normal,NULL
"Fully Functional",Normal,NULL
"Fully Functional",Normal,NULL
"Fully Functional",Normal,NULL
"Fully Functional",Normal,NULL
"Fully Functional",Normal,NULL
"Fully Functional",Normal,NULL
"Fully Functional",Normal,NULL
"Fully Functional",Normal,NULL
"Fully Functional",Normal,NULL
"Fully Functional",Normal,NULL
"Fully Functional",Normal,NULL
"Fully Functional",Normal,NULL
"Fully Functional",Normal,NULL
"Fully Functional",Normal,NULL
"Fully Functional",Normal,NULL
"Not Functional","No Utilization",NULL
"Fully Functional",Normal,NULL
"Fully Functional",Normal,NULL
"Fully Functional",Normal,NULL
"Fully Functional","Very Low",NULL
"Fully Functional","Very Low",NULL
"Fully Functional","Very Low","foot operated - user does not enjoy it"
"Fully Functional","Very Low","foot operated - user does not enjoy it"
"Fully Functional",Normal,NULL
"Not Functional","No Utilization",NULL
"Not Functional","No Utilization","new bedside monitors used instead, battery failed"
"Needs Major Repair","No Utilization","runs for 15 min before switching off; minor repair in aug 2012; runs continuously but makes loud noise"
"Not Functional","No Utilization",NULL
"Fully Functional","Very Low","Brought to other departments for use"
"Fully Functional","No Utilization","new bedside monitors used instead, battery failed"
"Not Functional","Very Low",NULL
"Not Functional","No Utilization",NULL
"Fully Functional",Normal,NULL
"Fully Functional",Normal,NULL
"Fully Functional",Normal,NULL
"Fully Functional",Normal,"New bedside monitors used"
"Fully Functional",Normal,NULL
"Fully Functional",Normal,NULL
"Fully Functional",Normal,NULL
"Fully Functional",Normal,NULL
"Fully Functional",Normal,NULL
"Fully Functional",Normal,NULL
"Fully Functional",Normal,NULL
"Fully Functional",Normal,NULL
"Fully Functional",Normal,NULL
"Fully Functional",Normal,NULL
"Fully Functional",Normal,NULL
"Fully Functional",Normal,NULL
"Fully Functional",Normal,NULL
"Fully Functional",Normal,NULL
"Fully Functional",Normal,NULL
"Fully Functional",Normal,NULL
"Fully Functional",Normal,NULL
"Fully Functional",Normal,NULL
"Fully Functional",Normal,NULL
"Not Functional","No Utilization",NULL
"Fully Functional",Normal,NULL
"Fully Functional",Normal,NULL
"Fully Functional",Normal,NULL
"Needs Minor Repair",Normal,"3 out of 6 screens working"
"Fully Functional",Normal,NULL
"Fully Functional",Normal,NULL
"Fully Functional",Normal,NULL
"Fully Functional",Normal,NULL
"Fully Functional",Normal,NULL
"Fully Functional",Normal,NULL
"Fully Functional",Normal,NULL
"Fully Functional",Normal,NULL
"Fully Functional",Normal,NULL
"Fully Functional",Normal,NULL
"Not Functional","No Utilization",NULL
"Fully Functional",Normal,NULL
"Needs Minor Repair","No Utilization",NULL
"Needs Minor Repair",Normal,NULL
"Needs Minor Repair",Normal,"Head rest broken"
"Needs Major Repair",Normal,"Light bulb is not working, water jet not working, chair position cannot be adjusted"
"Fully Functional",Normal,NULL
"Not Functional","No Utilization",NULL
"Not Functional","No Utilization",NULL
"Not Functional","No Utilization",NULL
"Fully Functional",Normal,NULL
"Needs Major Repair",Normal,"Does not heat up, just used for storing neonates"
"Needs Major Repair",Normal,"Does not heat up, just used for storing neonates"
"Fully Functional",Normal,NULL
"Fully Functional",Normal,NULL
"Fully Functional",Normal,NULL
"Fully Functional",Normal,NULL
"Fully Functional",Normal,NULL
"Not Functional","No Utilization",NULL
"Fully Functional",Normal,NULL
"Not Functional","No Utilization",NULL
"Needs Minor Repair",Normal,"Switches off sometimes, needs reboot"
"Not Functional",Normal,NULL
"Fully Functional",Normal,NULL
"Fully Functional",Normal,NULL
"Fully Functional",Normal,NULL
"Fully Functional",Normal,NULL
"Fully Functional",Normal,NULL
"Fully Functional",Normal,NULL
"Needs Minor Repair",Normal,NULL
"Needs Minor Repair",Normal,NULL
"Needs Minor Repair",Normal,NULL
"Not Functional","No Utilization",NULL
"Fully Functional",Normal,NULL
"Fully Functional",Normal,NULL
"Fully Functional",Normal,NULL
"Fully Functional",Normal,NULL
"Fully Functional",Normal,NULL
"Fully Functional",Normal,NULL
"Fully Functional",Normal,NULL
"Fully Functional",Normal,NULL
"Fully Functional",Normal,NULL
"Fully Functional",Normal,NULL
"Fully Functional",Normal,NULL
"Fully Functional",Normal,NULL
"Fully Functional",Normal,NULL
"Fully Functional",Normal,NULL
"Fully Functional",Normal,NULL
"Fully Functional",Normal,NULL
"Fully Functional",Normal,NULL
"Fully Functional",Normal,NULL
"Needs Major Repair",Normal,"Lamp does not stabilize- medchanical fault, needs to be propped for use"
"Fully Functional",Normal,NULL
"Fully Functional",Normal,NULL
"Fully Functional",Normal,"Low vacuum, inconsistent functioning, sent to HCEU repeatedly, Annudha: +255222122745/7"
"Fully Functional",Normal,NULL
"Fully Functional",Normal,NULL
"Fully Functional",Normal,NULL
"Fully Functional",Normal,NULL
"Needs Minor Repair",Normal,"mechanical failure for wheels. Lab Equip came once during warranty period. Second time of breakage was after warranty"
"Fully Functional",Normal,NULL
"Fully Functional",Normal,NULL
"Fully Functional",Normal,NULL
"Needs Major Repair","No Utilization","EKG functioning, defibs not"
"Fully Functional",Normal,NULL
"Needs Major Repair",Normal,"Lamp does not stabilize- medchanical fault, needs to be propped for use"
"Fully Functional",Normal,NULL
"Fully Functional",Normal,NULL
"Needs Major Repair",Normal,"Fan is broken"
"Needs Minor Repair","Very High","Sometimes doesn't go up and down, stiff pedal"
"Not Functional","No Utilization","Gives incorrect measurements"
"Not Functional","No Utilization","Measurements for heart rate, arterial pressure, systolic and diastolic are incorrect"
"Not Functional","No Utilization",NULL
"Fully Functional",Normal,NULL
"Fully Functional",Normal,NULL
"Not Functional","No Utilization",NULL
"Not Functional","No Utilization",NULL
"Not Functional","No Utilization",NULL
"Not Functional","No Utilization",NULL
"Fully Functional",Normal,NULL
"Fully Functional",Normal,NULL
"Fully Functional",Normal,NULL
"Fully Functional",Normal,NULL
"Needs Major Repair",Normal,"Heating lamp not working"
"Needs Minor Repair",Normal,"Vacuum strength not high enough"
"Needs Minor Repair",Normal,"Vacuum strength not high enough"
"Not Functional","No Utilization","Missing motor, incomplete set"
"Fully Functional","No Utilization",NULL
"Fully Functional",Normal,NULL
"Fully Functional",Normal,NULL
"Fully Functional",Normal,NULL
"Fully Functional",Normal,NULL
"Fully Functional",Normal,NULL
"Fully Functional",Normal,NULL
"Fully Functional",Normal,NULL
"Fully Functional",Normal,NULL
"Fully Functional",Normal,NULL
"Needs Major Repair","Very Low","Electronic controls not working, used when 2 evacuation procedures are needed"
"Needs Minor Repair",Normal,NULL
"Fully Functional",Normal,NULL
"Needs Minor Repair",Normal,"Works sometimes"
"Fully Functional",Normal,NULL
"Fully Functional",Normal,NULL
"Needs Minor Repair","Very Low","Hard to use, stiff"
"Needs Minor Repair","No Utilization",NULL
"Not Functional","No Utilization",NULL
"Fully Functional",Normal,NULL
"Needs Minor Repair","No Utilization",NULL
"Needs Minor Repair","No Utilization","Hard to use, stiff"
"Fully Functional",Normal,"Hard to use, stiff"
"Fully Functional",Normal,NULL
"Not Functional","No Utilization",NULL
"Not Functional","No Utilization",NULL
"Fully Functional",Normal,NULL
"Fully Functional",Normal,NULL
"Fully Functional",Normal,NULL
"Not Functional","No Utilization",NULL
"Fully Functional",Normal,NULL
"Fully Functional",Normal,NULL
"Fully Functional",Normal,NULL
"Not Functional","No Utilization",NULL
"Fully Functional",Normal,NULL
"Fully Functional",Normal,NULL
"Needs Major Repair",Normal,NULL
"Needs Major Repair",Normal,"CO2 Absorber switch not working well"
"Not Functional","No Utilization","Works on and off, piping to oxygen tank does not connect"
"Fully Functional",Normal,"Wrong vaporizer? Piping to oxygen does not connect"
"Fully Functional",Normal,NULL
"Fully Functional",Normal,NULL
"Fully Functional",Normal,NULL
"Fully Functional",Normal,NULL
"Fully Functional",Normal,NULL
"Needs Major Repair","No Utilization",NULL
"Not Functional","No Utilization","Water leakage"
"Fully Functional",Normal,NULL
"Fully Functional","No Utilization",NULL
"Fully Functional",Normal,"Not used because ultrasound is not used"
"Fully Functional",Normal,NULL
"Not Functional","No Utilization",NULL
"Not Functional","No Utilization",NULL
"Not Functional","No Utilization",NULL
"Fully Functional",Normal,NULL
"Not Functional","No Utilization",NULL
"Not Functional","No Utilization",NULL
"Not Functional","No Utilization","Should be disposed"
"Fully Functional",Normal,NULL
"Fully Functional",Normal,NULL
"Fully Functional",Normal,NULL
"Fully Functional",Normal,NULL
"Fully Functional",Normal,NULL
"Fully Functional","No Utilization",NULL
"Fully Functional",Normal,"No reagents"
"Not Functional","No Utilization",NULL
"Not Functional",Normal,"probe doesn't function"
"Fully Functional",Normal,NULL
"Not Functional","No Utilization",NULL
"Not Functional","No Utilization","Should be disposed"
"Not Functional","No Utilization",NULL
"Fully Functional","No Utilization",NULL
"Fully Functional",Normal,NULL
"Fully Functional",Normal,NULL
"Fully Functional",Normal,NULL
"Fully Functional",Normal,NULL
"Fully Functional",Normal,NULL
"Fully Functional",Normal,NULL
"Fully Functional",Normal,NULL
"Fully Functional",Normal,NULL
"Fully Functional",Normal,NULL
"Not Functional","No Utilization",NULL
"Not Functional","No Utilization",NULL
"Not Functional","No Utilization",NULL
"Not Functional","No Utilization",NULL
"Not Functional","No Utilization",NULL
"Fully Functional","No Utilization",NULL
"Fully Functional","No Utilization",NULL
"Not Functional","No Utilization",NULL
"Not Functional","No Utilization",Irreparable
"Fully Functional","No Utilization","mmHg meter is broken"
"Fully Functional","No Utilization",NULL
"Not Functional","No Utilization",NULL
"Fully Functional","No Utilization","Capacitor broken"
"Fully Functional","No Utilization",NULL
"Fully Functional",Normal,NULL
"Fully Functional","No Utilization",NULL
"Needs Minor Repair","No Utilization",NULL
"Fully Functional","No Utilization","Functional but leaky cuff"
"Fully Functional","No Utilization",NULL
"Fully Functional","No Utilization","Missing 1 9V Battery"
"Fully Functional","No Utilization","Missing 1 9V Battery"
"Fully Functional",Normal,"Missing 2 AA Batteries"
"Fully Functional",Normal,NULL
"Fully Functional","No Utilization",NULL
"Fully Functional","No Utilization","Not used because scanner not functional. +255 222701032 (Supplier and Service coy no.)"
"Fully Functional","No Utilization","Not used because scanner not functional. "
"Fully Functional","No Utilization","Not used because scanner not functional. "
"Not Functional","No Utilization","Not used because scanner not functional. +255 222701032 (Supplier and Service coy no.)"
"Fully Functional","No Utilization","X-Ray tube needs to be replaced"
"Fully Functional",Normal,"Not used because scanner not functional. +255 222701032 (Supplier and Service coy no.)"
"Fully Functional",Normal,NULL
"Fully Functional",Normal,NULL
"Needs Minor Repair",Normal,NULL
"Needs Minor Repair",Normal,"No batteries, bust still works for intubation. Flashlight function does not work. Needs 2 AA Batteries"
"Needs Minor Repair",Normal,"No batteries, bust still works for intubation. Flashlight function does not work. Needs 2 AA Batteries"
"Fully Functional","No Utilization","No batteries, bust still works for intubation. Flashlight function does not work. Needs 2 AA Batteries"
"Fully Functional","No Utilization","Autoclave in maternity main corridor is used instead. 1 is enough for each department."
"Not Functional","No Utilization","Autoclave in maternity main corridor is used instead. 1 is enough for each department."
"Fully Functional","No Utilization",NULL
"Not Functional","No Utilization",NULL
"Fully Functional",Normal,NULL
"Not Functional","No Utilization",NULL
"Fully Functional",Normal,NULL
"Not Functional","No Utilization",NULL
"Not Functional","No Utilization","Waiting for sparepart (24V output power supplier)"
"Not Functional","No Utilization","Awaiting functional monitor. Funder contact: pierlorenzo.costa@tin.it"
"Not Functional","No Utilization",NULL
"Not Functional","No Utilization",NULL
"Not Functional","No Utilization",NULL
