asset	status	utilization	remarks
P-CC1	Fully Functional	No Utilization	brand new, never used but installed; Manufacturer service hotline 866-885-9794; service@binder-world.com
P-CC2	Fully Functional	Very Low	user not trained
P-CC3	Fully Functional	Normal	Installed Jan 2012
P-CC4	Fully Functional	Normal	Installed Jan 2012
P-CC5	Fully Functional	No Utilization	user not trained
P-CC6	Fully Functional	No Utilization	user not trained; not being used; installed Jan 2012; no user manual
P-CC7	Fully Functional	No Utilization	user not trained; all parts available; brand new in package; english user manual available
P-CC8	Fully Functional	No Utilization	user not trained; all parts available; brand new in package; english user manual available
P-CC9	Fully Functional	Normal	install Jan 2012
P-CC10	Needs Minor Repair	No Utilization	filter needs to be changed
P-CC11	Needs Minor Repair	No Utilization	power cord missing
P-CC12	Fully Functional	No Utilization	not needed right now; not being used; installed Jan 2012
P-CC13	Fully Functional	No Utilization	Installed Jan 2012
P-CC14	Fully Functional	Normal	NULL
P-CC15	Fully Functional	Normal	NULL
P-CC16	Fully Functional	Normal	NULL
P-CC17	Needs Minor Repair	No Utilization	Missing power cord; Possibly other unknown problems
P-CC18	Needs Major Repair	No Utilization	NULL
P-CC19	Needs Major Repair	No Utilization	very old, not sure if it works
P-CC20	Needs Major Repair	No Utilization	NULL
P-CC21	Fully Functional	Normal	NULL
P-CC22	Fully Functional	Normal	NULL
P-CC23	Fully Functional	Normal	NULL
P-CC24	Fully Functional	Normal	Installed June 15th 2006
P-CC25	Fully Functional	Normal	Installed 27 March 2004
P-CC26	Fully Functional	Normal	Installed 6 Jan 2009
P-CC27	Fully Functional	Normal	Installed 12 Nov 2007
P-CC28	Not Functional	No Utilization	currently being repaired (fuse box); installed 27 March 2007
P-CC29	Fully Functional	Normal	Date est told 27th of March 2007
P-CC30	Not Functional	No Utilization	unknown electrical issus
P-CC31	Not Functional	No Utilization	Electrical problem
P-CC32	Fully Functional	No Utilization	not used because xray is broken
P-CC33	Needs Major Repair	No Utilization	very old filament possibly damaged; spare parts no longer available . Need fluoroscopic machine with image intensifier
P-CC34	Fully Functional	No Utilization	not used because xray is broken
P-CC35	Fully Functional	Normal	NULL
P-CC36	Fully Functional	Normal	NULL
P-CC37	Needs Major Repair	Normal	Rinsing and washing tank used together (not recommended) Needs Digital
P-CC38	Needs Major Repair	Normal	NULL
P-CC39	Fully Functional	Normal	NULL
P-CC40	Fully Functional	Very Low	the older of 2 ultrasounds
P-CC41	Fully Functional	Very Low	the older of 2 ultrasounds
P-CC42	Fully Functional	Normal	NULL
P-CC43	Fully Functional	Normal	NULL
P-CC44	Not Functional	No Utilization	screen does not light up
P-CC45	Not Functional	No Utilization	never used, needs halothane vaporizer; gas and air lines do not match tanks and compressor
P-CC46	Fully Functional	Normal	NULL
P-CC47	Fully Functional	Normal	not connected to anything
P-CC48	Not Functional	No Utilization	unknown problem, never been used
P-CC49	Fully Functional	Very High	NULL
P-CC50	Fully Functional	Normal	NULL
P-CC51	Fully Functional	Normal	NULL
P-CC52	Fully Functional	Normal	NULL
P-CC53	Fully Functional	Very Low	no problem
P-CC54	Fully Functional	Normal	NULL
P-CC55	Fully Functional	Very High	hooked up to #51 anesthesia machine
P-CC56	Fully Functional	Very High	only suction machine in main theater
P-CC57	Fully Functional	Normal	NULL
P-CC58	Not Functional	No Utilization	some parts broken
P-CC59	Fully Functional	Very High	NULL
P-CC60	Not Functional	No Utilization	it needs repair
P-CC61	Fully Functional	Very High	no problem
P-CC62	Fully Functional	No Utilization	not installed
P-CC63	Not Functional	No Utilization	needs repair
P-CC64	Not Functional	No Utilization	unknown electrical issue
P-CC65	Not Functional	No Utilization	broken
P-CC66	Fully Functional	Normal	NULL
P-CC67	Fully Functional	Normal	NULL
P-CC68	Needs Major Repair	Normal	spare parts not available
P-CC69	Needs Major Repair	Very High	NULL
P-CC70	Fully Functional	Very High	NULL
P-CC71	Not Functional	No Utilization	NULL
P-CC72	Fully Functional	Normal	NULL
P-CC73	Fully Functional	Normal	NULL
P-CC74	Not Functional	No Utilization	atesting no be not working
P-CC75	Not Functional	No Utilization	NULL
P-CC76	Not Functional	No Utilization	NULL
P-CC77	Fully Functional	Normal	NULL
P-CC78	Fully Functional	Normal	NULL
P-CC79	Fully Functional	Normal	NULL
P-CC80	Needs Minor Repair	Normal	NULL
P-CC81	Fully Functional	Very High	NULL
P-CC82	Fully Functional	Normal	NULL
P-CC83	Needs Minor Repair	Very Low	not calibrated; in the wrong department
P-CC84	Fully Functional	Normal	NULL
P-CC85	Not Functional	No Utilization	NULL
P-CC86	Needs Major Repair	Very High	NULL
P-CC87	Needs Major Repair	Normal	NULL
P-CC88	Not Functional	No Utilization	wrong light for dental clinic. Wrong parts, no bulb, using flashlight instead
P-CC89	Fully Functional	No Utilization	no need for Ward Bed in department; used as a desk for dentist
P-CC90	Needs Minor Repair	Normal	NULL
P-CC91	Fully Functional	Normal	NULL
P-CC92	Needs Minor Repair	Normal	Broken bulb
P-CC93	Fully Functional	Normal	NULL
P-CC94	Fully Functional	Normal	NULL
P-CC95	Fully Functional	Normal	NULL
P-CC96	Fully Functional	Normal	NULL
P-CC97	Fully Functional	Normal	NULL
P-CC98	Fully Functional	Normal	NULL
P-CC99	Fully Functional	Normal	NULL
P-CC100	Fully Functional	Normal	NULL
P-CC101	Fully Functional	Normal	NULL
P-CC102	Not Functional	No Utilization	NULL
P-CC103	Fully Functional	Normal	NULL
P-CC104	Fully Functional	No Utilization	used as desk, patients not seen in room
P-CC105	Fully Functional	Normal	NULL
P-CC106	Fully Functional	Normal	NULL
P-CC107	Fully Functional	Normal	NULL
P-CC108	Not Functional	No Utilization	NULL
P-CC109	Not Functional	No Utilization	broken
P-CC110	Fully Functional	Normal	NULL
P-CC111	Fully Functional	Normal	NULL
P-CC112	Needs Minor Repair	Very High	NULL
P-CC113	Needs Minor Repair	Very High	NULL
P-CC114	Fully Functional	Very Low	NULL
P-CC115	Not Functional	No Utilization	NULL
P-CC116	Fully Functional	Normal	NULL
P-CC117	Not Functional	No Utilization	NULL
P-CC118	Needs Major Repair	Very Low	NULL
P-CC119	Fully Functional	No Utilization	sitting idle in main corridor
P-CC120	Not Functional	No Utilization	NULL
P-CC121	Fully Functional	Normal	NULL
P-CC122	Fully Functional	Normal	NULL
P-CC123	Fully Functional	Normal	NULL
P-CC124	Fully Functional	Normal	NULL
P-CC125	Fully Functional	Normal	NULL
P-CC126	Fully Functional	Normal	NULL
P-CC127	Fully Functional	Normal	NULL
P-CC128	Fully Functional	Normal	NULL
P-CC129	Fully Functional	Very High	NULL
P-CC130	Not Functional	No Utilization	NULL
P-CC131	Not Functional	No Utilization	NULL
P-CC132	Fully Functional	Normal	NULL
P-CC133	Fully Functional	Very Low	NULL
P-CC134	Not Functional	No Utilization	NULL
P-CC135	Fully Functional	Very High	NULL
P-CC136	Not Functional	No Utilization	NULL
P-CC137	Needs Major Repair	No Utilization	 
P-CC138	Fully Functional	Very High	NULL
P-CC139	Not Functional	No Utilization	NULL
P-CC140	Fully Functional	Normal	NULL
P-CC141	Fully Functional	No Utilization	NULL
P-CC142	Not Functional	No Utilization	NULL
P-CC143	Needs Major Repair	Very Low	NULL
P-CC144	Fully Functional	Normal	NULL
P-CC145	Not Functional	No Utilization	NULL
P-CC146	Fully Functional	Normal	NULL
P-CC147	Not Functional	No Utilization	NULL
P-CC148	Fully Functional	Normal	NULL
P-CC149	Fully Functional	Normal	NULL
P-CC150	Fully Functional	Normal	NULL
P-CC151	Not Functional	No Utilization	NULL
P-CC152	Not Functional	No Utilization	NULL
P-CC153	Not Functional	No Utilization	NULL
P-CC154	Needs Minor Repair	No Utilization	NULL
P-CC155	Fully Functional	No Utilization	NULL
P-CC156	Needs Minor Repair	No Utilization	needs electrode
P-CC157	Fully Functional	Normal	NULL
P-CC158	Fully Functional	Normal	NULL
P-CC159	Not Functional	No Utilization	NULL
P-CC160	Fully Functional	No Utilization	Not installed
P-CC161	Not Functional	No Utilization	NULL
P-CC162	Fully Functional	Normal	NULL
P-CC163	Fully Functional	Normal	NULL
P-CC164	Needs Minor Repair	No Utilization	NULL
P-CC165	Not Functional	No Utilization	NULL
P-CC166	Fully Functional	Normal	NULL
P-CC167	Fully Functional	Normal	NULL
P-CC168	Fully Functional	Normal	NULL
P-CC169	Fully Functional	Normal	NULL
P-CC170	Fully Functional	Normal	NULL
P-CC171	Fully Functional	Normal	NULL
P-CC172	Fully Functional	Normal	NULL
P-CC173	Fully Functional	Normal	NULL
P-CC174	Fully Functional	Normal	NULL
P-CC175	Fully Functional	Normal	NULL
P-CC176	Fully Functional	Normal	NULL
P-CC177	Fully Functional	Normal	NULL
P-CC178	Fully Functional	Normal	NULL
P-CC179	Fully Functional	Normal	NULL
P-CC180	Fully Functional	Normal	NULL
P-CC181	Fully Functional	Normal	NULL
P-CC182	Fully Functional	Normal	NULL
P-CC183	Fully Functional	Normal	NULL
P-CC184	Fully Functional	Normal	NULL
P-CC185	Fully Functional	Normal	NULL
P-CC186	Fully Functional	Normal	NULL
P-CC187	Fully Functional	Normal	NULL
P-CC188	Fully Functional	Normal	NULL
P-CC189	Fully Functional	Normal	NULL
P-CC190	Fully Functional	Normal	NULL
P-CC191	Fully Functional	Normal	NULL
P-CC192	Needs Minor Repair	Very Low	NULL
P-CC193	Fully Functional	Normal	NULL
P-CC194	Fully Functional	Normal	NULL
P-CC195	Fully Functional	Normal	NULL
P-CC196	Fully Functional	Normal	NULL
P-CC197	Fully Functional	Normal	NULL
P-CC198	Fully Functional	Normal	NULL
P-CC199	Needs Major Repair	Normal	NULL
P-CC200	Fully Functional	Normal	NULL
P-CC201	Fully Functional	Normal	NULL
P-CC202	Fully Functional	Normal	NULL
P-CC203	Fully Functional	Normal	NULL
P-CC204	Fully Functional	Normal	NULL
P-CC205	Fully Functional	Normal	NULL
P-CC206	Fully Functional	Normal	NULL
P-CC207	Fully Functional	Normal	NULL
P-CC208	Fully Functional	Normal	NULL
P-CC209	Fully Functional	Normal	NULL
P-CC210	Fully Functional	Normal	NULL
P-CC211	Fully Functional	Normal	NULL
P-CC212	Fully Functional	Normal	NULL
P-CC213	Fully Functional	Normal	NULL
P-CC214	Fully Functional	Normal	NULL
P-CC215	Fully Functional	Normal	NULL
P-CC216	Fully Functional	Normal	NULL
P-CC217	Fully Functional	Normal	NULL
P-CC218	Fully Functional	Normal	NULL
P-CC219	Fully Functional	Normal	NULL
P-CC220	Fully Functional	Normal	NULL
P-CC221	Fully Functional	Normal	NULL
P-CC222	Fully Functional	Normal	NULL
P-CC223	Fully Functional	Normal	NULL
P-CC224	Fully Functional	Normal	user entry error?
P-CC225	Fully Functional	Normal	NULL
P-CC226	Fully Functional	Normal	NULL
P-CC227	Fully Functional	Normal	NULL
P-CC228	Fully Functional	Normal	NULL
P-CC229	Fully Functional	Normal	NULL
P-CC230	Fully Functional	Normal	NULL
P-CC231	Fully Functional	Normal	user entry error?
P-CC232	Fully Functional	Normal	user entry error?
P-CC233	Fully Functional	Normal	user entry error?
P-CC234	Fully Functional	Normal	user entry error?
P-CC235	Needs Minor Repair	Normal	user entry error?
P-CC236	Fully Functional	Normal	user entry error?
P-CC237	Needs Minor Repair	Normal	user entry error?
P-CC238	Fully Functional	Normal	user entry error?
P-CC239	Needs Minor Repair	Normal	user entry error?
P-CC240	Needs Minor Repair	Normal	user entry error?
P-CC241	Fully Functional	Normal	user entry error?
P-CC242	Fully Functional	Normal	user entry error?
P-CC243	Fully Functional	Normal	user entry error?
P-CC244	Fully Functional	Normal	user entry error?
P-CC245	Fully Functional	Normal	NULL
P-CC246	Needs Major Repair	Very Low	NULL
P-CC247	Not Functional	No Utilization	NULL
P-CC248	Fully Functional	Normal	NULL
P-CC249	Needs Minor Repair	Very High	user entry error?
P-CC250	Needs Minor Repair	Very High	user entry error?
P-CC251	Needs Minor Repair	Very High	user entry error?
P-CC252	Needs Minor Repair	Very High	user entry error?
P-CC253	Needs Minor Repair	Very High	user entry error?
P-CC254	Needs Minor Repair	Very High	user entry error?
P-CC255	Needs Minor Repair	Very High	user entry error?
P-CC256	Needs Minor Repair	Very High	user entry error?
P-CC257	Fully Functional	Normal	user entry error?
P-CC258	Fully Functional	Normal	user entry error?
P-CC259	Fully Functional	Normal	user entry error?
P-CC260	Fully Functional	Normal	user entry error?
P-CC261	Fully Functional	Normal	user entry error?
P-CC262	Fully Functional	Normal	user entry error?
P-CC263	Fully Functional	Normal	user entry error?
P-CC264	Fully Functional	Normal	user entry error?
P-CC265	Fully Functional	Normal	user entry error?
P-CC266	Fully Functional	Normal	user entry error?
P-CC267	Fully Functional	Normal	user entry error?
P-CC268	Needs Minor Repair	Very High	NULL
P-CC269	Fully Functional	Normal	NULL
P-CC270	Fully Functional	Normal	NULL
P-CC271	Fully Functional	Normal	NULL
P-CC272	Needs Major Repair	No Utilization	NULL
P-CC273	Needs Major Repair	Very High	NULL
P-CC274	Fully Functional	Normal	user entry error?
P-CC275	Fully Functional	Normal	user entry error?
P-CC276	Fully Functional	Normal	NULL
P-CC277	Fully Functional	Normal	user entry error?
P-CC278	Fully Functional	Normal	user entry error?
P-CC279	Needs Minor Repair	Very High	user entry error?
P-CC280	Needs Minor Repair	Very High	user entry error?
P-CC281	Fully Functional	Normal	user entry error?
P-CC282	Not Functional	No Utilization	NULL
P-CC283	Not Functional	No Utilization	NULL
P-CC284	Fully Functional	Normal	user entry error?
P-CC285	Fully Functional	Normal	user entry error?
P-CC286	Fully Functional	Normal	NULL
P-CC287	Fully Functional	Normal	NULL
P-CC288	Fully Functional	Normal	NULL
P-CC289	Needs Major Repair	Very High	NULL
P-CC290	Fully Functional	Normal	NULL
P-CC291	Not Functional	No Utilization	NULL
P-CC292	Fully Functional	Normal	NULL
P-CC293	Not Functional	No Utilization	NULL
P-CC294	Fully Functional	Normal	NULL
P-CC295	Not Functional	No Utilization	NULL
P-CC296	Fully Functional	Normal	NULL
P-CC297	Fully Functional	Normal	NULL
P-CC298	Not Functional	Normal	NULL
P-CC299	Not Functional	No Utilization	NULL
P-CC300	Not Functional	No Utilization	NULL
P-CC301	Not Functional	No Utilization	NULL
P-CC302	Not Functional	No Utilization	NULL
P-CC303	Not Functional	No Utilization	NULL
P-CC304	Not Functional	No Utilization	NULL
P-CC305	Not Functional	No Utilization	NULL
P-CC306	Fully Functional	No Utilization	NULL
P-CC307	Not Functional	No Utilization	NULL
P-CC308	Fully Functional	No Utilization	NULL
P-CC309	Not Functional	No Utilization	needs new bulb
P-CC310	Not Functional	No Utilization	irreparable
P-CC311	Not Functional	No Utilization	NULL
P-CC312	Fully Functional	No Utilization	NULL
P-CC313	Fully Functional	No Utilization	NULL
P-CC314	Fully Functional	No Utilization	NULL
P-CC315	Not Functional	No Utilization	NULL
P-CC316	Needs Minor Repair	Very High	user entry error?
P-CC317	Needs Minor Repair	Very High	user entry error?
P-CC318	Fully Functional	Normal	NULL
P-CC319	Fully Functional	Normal	NULL
P-PHL1	Fully Functional	Normal	NULL
P-PHL2	Fully Functional	Normal	NULL
P-PHL3	Needs Minor Repair	Normal	gas down
P-PHL4	Fully Functional	Normal	NULL
P-PHL5	Fully Functional	Normal	NULL
P-PHL6	Fully Functional	Normal	NULL
P-PHL7	Fully Functional	Normal	NULL
P-PHL8	Not Functional	No Utilization	timer defective
P-PHL9	Fully Functional	Normal	NULL
P-PHL10	Fully Functional	No Utilization	occasional electrical errors
P-PHL11	Fully Functional	Normal	NULL
P-PHL12	Fully Functional	No Utilization	not needed
P-PHL13	Fully Functional	No Utilization	not needed
P-PHL14	Fully Functional	No Utilization	not needed
P-PHL15	Fully Functional	Normal	NULL
P-PHL16	Fully Functional	Normal	NULL
P-PHL17	Not Functional	No Utilization	power cord cut and frayed
P-PHL18	Fully Functional	Normal	NULL
P-PHL19	Fully Functional	Normal	NULL
P-PHL20	Fully Functional	Very High	NULL
P-PHL21	Fully Functional	Very High	NULL
P-PHL22	Fully Functional	Very High	NULL
P-PHL23	Fully Functional	Normal	NULL
P-PHL24	Fully Functional	Normal	Installed 2011, camera needs upgrade
P-PHL25	Fully Functional	Normal	NULL
P-PHL26	Fully Functional	Normal	NULL
P-PHL27	Fully Functional	Normal	NULL
P-PHL28	Fully Functional	Normal	NULL
P-PHL29	Fully Functional	Normal	NULL
P-PHL30	Fully Functional	Normal	NULL
P-PHL31	Needs Minor Repair	No Utilization	Needs air stabilization sensor. Part has been received but not yet installed.
P-PHL32	Fully Functional	Normal	NULL
P-PHL33	Fully Functional	Normal	NULL
P-PHL34	Fully Functional	Normal	NULL
P-PHL35	Fully Functional	Normal	NULL
P-PHL36	Needs Minor Repair	Normal	Heating element defective, right de/calcifying agent a problem
P-PHL37	Fully Functional	Normal	NULL
P-PHL38	Fully Functional	Normal	NULL
P-PHL39	Fully Functional	No Utilization	NULL
P-PHL40	Not Functional	No Utilization	Power cord is frayed
P-PHL41	Not Functional	No Utilization	NULL
P-PHL42	Fully Functional	No Utilization	Needs reagents
P-PHL43	Fully Functional	Normal	NULL
P-PHL44	Not Functional	No Utilization	NULL
P-PHL45	Fully Functional	No Utilization	Needs reagents
P-PHL46	Not Functional	No Utilization	Needs gasket
P-PHL47	Needs Major Repair	Normal	NULL
P-PHL48	Fully Functional	Normal	NULL
P-PHL49	Fully Functional	Normal	NULL
P-PHL50	Needs Minor Repair	Normal	Does not display mass readings
P-PHL51	Fully Functional	Normal	NULL
P-PHL52	Fully Functional	Normal	NULL
P-PHL53	Fully Functional	Normal	BD: +254(20)2738339/40
P-PHL54	Fully Functional	Normal	BD: +254(20)2738339/40
P-PHL55	Fully Functional	Normal	NULL
P-PHL56	Fully Functional	Normal	NULL
P-PHL57	Fully Functional	Normal	NULL
P-PHL58	Fully Functional	Normal	NULL
P-PHL59	Fully Functional	Very Low	NULL
P-PHL60	Fully Functional	Normal	NULL
P-PHL61	Fully Functional	No Utilization	Not callibrated
P-PHL62	Fully Functional	Normal	NULL
P-PHL63	Fully Functional	Normal	NULL
P-PHL64	Fully Functional	Normal	NULL
P-PHL65	Fully Functional	Normal	NULL
P-PHL66	Fully Functional	Normal	NULL
P-PHL67	Fully Functional	Normal	New, check warranty
P-PHL68	Fully Functional	Normal	New, check warranty
P-PHL69	Fully Functional	Normal	New, check warranty
P-PHL70	Fully Functional	Normal	New, check warranty
P-PHL71	Fully Functional	Normal	New, check warranty
P-PHL72	Fully Functional	Normal	New, check warranty
P-PHL73	Fully Functional	Normal	NULL
P-PHL74	Fully Functional	Normal	NULL
P-PHL75	Fully Functional	Normal	NULL
P-PHL76	Fully Functional	Normal	NULL
P-PHL77	Needs Major Repair	Very Low	NULL
P-PHL78	Fully Functional	No Utilization	NULL
P-PHL79	Needs Major Repair	No Utilization	NULL
P-PHL80	Fully Functional	Normal	NULL
P-PHL81	Fully Functional	Normal	NULL
P-PHL82	Fully Functional	Normal	NULL
P-PHL83	Fully Functional	Normal	NULL
P-PHL84	Fully Functional	Normal	NULL
P-PHL85	Needs Major Repair	Normal	NULL
P-PHL86	Fully Functional	Normal	NULL
P-PHL87	Fully Functional	Normal	NULL
P-PHL88	Fully Functional	Normal	NULL
P-PHL89	Fully Functional	Normal	NULL
P-PHL90	Fully Functional	Normal	NULL
P-PHL91	Fully Functional	Normal	NULL
P-PHL92	Fully Functional	Normal	NULL
P-PHL93	Fully Functional	Normal	NULL
P-PHL94	Fully Functional	Normal	NULL
P-PHL95	Fully Functional	Normal	NULL
P-PHL96	Fully Functional	Normal	NULL
P-PHL97	Not Functional	No Utilization	cannot be fixed, kept for spare parts
P-PHL98	Not Functional	No Utilization	NULL
P-PHL99	Not Functional	No Utilization	NULL
P-PHL100	Not Functional	No Utilization	NULL
P-PHL101	Fully Functional	No Utilization	NULL
P-PHL102	Fully Functional	No Utilization	NULL
P-PHL103	Not Functional	No Utilization	NULL
P-PHL104	Fully Functional	No Utilization	replaced by newer model
P-PHL105	Not Functional	No Utilization	NULL
P-PHL106	Not Functional	No Utilization	NULL
P-PHL107	Not Functional	No Utilization	NULL
P-PHL108	Not Functional	No Utilization	NULL
P-PHL109	Not Functional	No Utilization	NULL
P-PHL110	Not Functional	No Utilization	NULL
P-PHL111	Not Functional	No Utilization	NULL
P-PHL112	Not Functional	No Utilization	NULL
P-PHL113	Not Functional	No Utilization	NULL
P-PHL114	Not Functional	No Utilization	NULL
P-PHL115	Not Functional	No Utilization	NULL
P-PHL116	Not Functional	No Utilization	NULL
P-PHL117	Not Functional	No Utilization	NULL
P-PHL118	Not Functional	No Utilization	NULL
P-PHL119	Not Functional	No Utilization	NULL
P-PHL120	Not Functional	No Utilization	NULL
P-PHL121	Not Functional	No Utilization	NULL
P-PHL122	Not Functional	No Utilization	NULL
P-PHL123	Not Functional	No Utilization	NULL
P-PHL124	Not Functional	No Utilization	NULL
P-PHL125	Not Functional	No Utilization	NULL
P-PHL126	Not Functional	No Utilization	NULL
P-PHL127	Not Functional	No Utilization	NULL
P-PHL128	Fully Functional	No Utilization	NULL
P-PHL129	Fully Functional	No Utilization	NULL
P-PHL130	Fully Functional	No Utilization	NULL
P-PHL131	Fully Functional	No Utilization	NULL
P-PHL132	Fully Functional	No Utilization	NULL
P-PHL133	Fully Functional	No Utilization	NULL
P-PHL134	Fully Functional	Very Low	NULL
U-MM1	Fully Functional	Normal	NULL
U-MM2	Fully Functional	Normal	NULL
U-MM3	Fully Functional	Normal	Sanas conducts yearly calibrations
U-MM4	Fully Functional	Normal	NULL
U-MM5	Fully Functional	Normal	NULL
U-MM6	Fully Functional	Normal	NULL
U-MM7	Fully Functional	Normal	NULL
U-MM8	Fully Functional	Normal	NULL
U-MM9	Fully Functional	Normal	NULL
U-MM10	Fully Functional	Normal	NULL
U-MM11	Fully Functional	Normal	NULL
U-MM12	Fully Functional	Normal	NULL
U-MM13	Fully Functional	Normal	NULL
U-MM14	Fully Functional	Normal	NULL
U-MM15	Fully Functional	Normal	NULL
U-MM16	Fully Functional	Normal	NULL
U-MM17	Fully Functional	Normal	NULL
U-MM18	Fully Functional	Normal	Calibrated by Sanas, Preventive Maitenance by Sanas
U-MM19	Fully Functional	Normal	NULL
U-MM20	Fully Functional	Normal	NULL
U-MM21	Fully Functional	Normal	Calibrated by Sanas
U-MM22	Fully Functional	No Utilization	No use because reagents not available
U-MM23	Fully Functional	Normal	NULL
U-MM24	Fully Functional	Normal	NULL
U-MM25	Fully Functional	Normal	NULL
U-MM26	Fully Functional	Normal	NULL
U-MM27	Fully Functional	Normal	NULL
U-MM28	Fully Functional	No Utilization	No use because reagents not available
U-MM29	Fully Functional	No Utilization	No use because reagents not available
U-MM30	Fully Functional	Normal	NULL
U-MM31	Fully Functional	Normal	NULL
U-MM32	Fully Functional	Normal	NULL
U-MM33	Fully Functional	No Utilization	Incompatible plug, 110v 60HZ
U-MM34	Fully Functional	No Utilization	Some accessories missing + incompatible plug, 90V
U-MM35	Not Functional	No Utilization	NULL
U-MM36	Not Functional	No Utilization	Accessories incomplete
U-MM37	Not Functional	No Utilization	Accessories incomplete
U-MM38	Not Functional	No Utilization	Accessories incomplete
U-MM39	Fully Functional	Normal	NULL
U-MM40	Fully Functional	Normal	NULL
U-MM41	Fully Functional	No Utilization	Has not been installed
U-MM42	Not Functional	No Utilization	Compressor broken
U-MM43	Not Functional	No Utilization	NULL
U-MM44	Fully Functional	Normal	NULL
U-MM45	Fully Functional	Normal	NULL
U-MM46	Fully Functional	Normal	NULL
U-MM47	Not Functional	No Utilization	NULL
U-MM48	Not Functional	No Utilization	Never been used, key slot is broken, bulb is missing, key is missing. Damaged from movement
U-MM49	Fully Functional	Normal	NULL
U-MM50	Fully Functional	Normal	NULL
U-MM51	Fully Functional	No Utilization	Another one in use
U-MM52	Not Functional	No Utilization	NULL
U-MM53	Not Functional	No Utilization	NULL
U-MM54	Not Functional	No Utilization	NULL
U-MM55	Fully Functional	No Utilization	NULL
U-MM56	Fully Functional	No Utilization	NULL
U-MM57	Fully Functional	No Utilization	Another one in use
U-MM58	Fully Functional	No Utilization	Another one in use
U-MM59	Fully Functional	No Utilization	Another one in use
U-MM60	Fully Functional	No Utilization	Another one in use
U-MM61	Fully Functional	No Utilization	Another one in use
U-MM62	Fully Functional	Very Low	Another one in use
U-MM63	Fully Functional	No Utilization	Another one in use
U-MM64	Fully Functional	No Utilization	Another one in use
U-MM65	Fully Functional	No Utilization	Another one in use
U-MM66	Fully Functional	Normal	NULL
U-MM67	Fully Functional	No Utilization	Another one in use
U-MM68	Fully Functional	No Utilization	NULL
U-MM69	Fully Functional	No Utilization	NULL
U-MM70	Fully Functional	No Utilization	Reagents out of stock
U-MM71	Not Functional	No Utilization	NULL
U-MM72	Not Functional	No Utilization	NULL
U-MM73	Not Functional	No Utilization	NULL
U-MM74	Fully Functional	Very High	International Hotline: +49(0) 7462/2005-555, service@binder-world.com
U-MM75	Fully Functional	Normal	NULL
U-MM76	Fully Functional	Normal	NULL
U-MM77	Fully Functional	Normal	NULL
U-MM78	Fully Functional	Normal	NULL
U-MM79	Fully Functional	Normal	Kas Medics +255222111896, adarsha@kasmedics.com
U-MM80	Fully Functional	Normal	NULL
U-MM81	Fully Functional	No Utilization	Another one in use
U-MM82	Fully Functional	Very High	NULL
U-MM83	Fully Functional	Normal	NULL
U-MM84	Not Functional	No Utilization	NULL
U-MM85	Fully Functional	Normal	NULL
U-MM86	Fully Functional	Normal	NULL
U-MM87	Fully Functional	Normal	NULL
U-MM88	Fully Functional	Normal	NULL
U-MM89	Fully Functional	Normal	NULL
U-MM90	Fully Functional	Normal	NULL
U-MM91	Fully Functional	Normal	NULL
U-MM92	Fully Functional	Normal	NULL
U-MM93	Fully Functional	Normal	NULL
U-MM94	Fully Functional	Normal	NULL
U-MM95	Not Functional	No Utilization	NULL
U-MM96	Not Functional	No Utilization	Bulb broken
U-MM97	Fully Functional	Normal	NULL
U-MM98	Fully Functional	Normal	NULL
U-MM99	Not Functional	No Utilization	NULL
U-MM100	Not Functional	No Utilization	NULL
U-MM101	Not Functional	No Utilization	NULL
U-MM102	Fully Functional	No Utilization	NULL
U-MM103	Fully Functional	Normal	NULL
U-MM104	Not Functional	No Utilization	Funder: Azur 58008, Israel, sach@barak-online.net, 972-3-558-9656
U-MM105	Fully Functional	No Utilization	no use because Ultrasound not in use
U-MM106	Fully Functional	No Utilization	no use because Ultrasound not in use
U-MM107	Fully Functional	Normal	NULL
U-MM108	Fully Functional	Normal	NULL
U-MM109	Fully Functional	Normal	NULL
U-MM110	Fully Functional	Normal	NULL
U-MM111	Fully Functional	Normal	NULL
U-MM112	Fully Functional	Normal	NULL
U-MM113	Fully Functional	Normal	NULL
U-MM114	Fully Functional	Normal	NULL
U-MM115	Fully Functional	Normal	NULL
U-MM116	Fully Functional	Normal	NULL
U-MM117	Fully Functional	Normal	NULL
U-MM118	Fully Functional	Normal	NULL
U-MM119	Fully Functional	Normal	NULL
U-MM120	Fully Functional	Normal	NULL
U-MM121	Fully Functional	Normal	NULL
U-MM122	Fully Functional	Normal	NULL
U-MM123	Fully Functional	Normal	NULL
U-MM124	Fully Functional	Normal	NULL
U-MM125	Fully Functional	Normal	NULL
U-MM126	Fully Functional	Normal	NULL
U-MM127	Fully Functional	Normal	NULL
U-MM128	Fully Functional	Normal	NULL
U-MM129	Fully Functional	Normal	NULL
U-MM130	Fully Functional	Normal	NULL
U-MM131	Fully Functional	Normal	NULL
U-MM132	Fully Functional	Normal	NULL
U-MM133	Not Functional	No Utilization	NULL
U-MM134	Needs Major Repair	Very Low	2 table legs broken
U-MM135	Fully Functional	Normal	NULL
U-MM136	Fully Functional	Normal	NULL
U-MM137	Not Functional	No Utilization	comes with infant-holding chair, technical support: 18006383722
U-MM138	Not Functional	No Utilization	comes with infant-holding tray
U-MM139	Not Functional	No Utilization	switch not working
U-MM140	Fully Functional	Normal	NULL
U-MM141	Fully Functional	Normal	NULL
U-MM142	Fully Functional	Normal	NULL
U-MM143	Fully Functional	Normal	NULL
U-MM144	Fully Functional	Normal	NULL
U-MM145	Fully Functional	Normal	NULL
U-MM146	Fully Functional	Normal	NULL
U-MM147	Fully Functional	Normal	NULL
U-MM148	Not Functional	No Utilization	NULL
U-MM149	Fully Functional	Normal	NULL
U-MM150	Fully Functional	Normal	NULL
U-MM151	Fully Functional	Normal	NULL
U-MM152	Not Functional	No Utilization	NULL
U-MM153	Not Functional	No Utilization	NULL
U-MM154	Needs Minor Repair	Normal	metal frame under mattresses broken
U-MM155	Needs Minor Repair	Normal	metal frame under mattresses broken
U-MM156	Needs Minor Repair	Normal	metal frame under mattresses broken
U-MM157	Fully Functional	Normal	with child cuff
U-MM158	Not Functional	No Utilization	w/o cuff
U-MM159	Fully Functional	Normal	with child cuff
U-MM160	Not Functional	No Utilization	with child cuff
U-MM161	Fully Functional	No Utilization	this is a spare - another one is in use, technical supoort: 8001300845
U-MM162	Fully Functional	Very High	NULL
U-MM163	Fully Functional	Normal	NULL
U-MM164	Fully Functional	Very High	NULL
U-MM165	Fully Functional	Very High	repaired by danida
U-MM166	Fully Functional	Normal	NULL
U-MM167	Fully Functional	Normal	NULL
U-MM168	Fully Functional	Normal	NULL
U-MM169	Fully Functional	Very High	NULL
U-MM170	Fully Functional	Very High	NULL
U-MM171	Fully Functional	Very High	NULL
U-MM172	Fully Functional	Normal	NULL
U-MM173	Fully Functional	Normal	NULL
U-MM174	Fully Functional	Very High	NULL
U-MM175	Fully Functional	Very High	NULL
U-MM176	Fully Functional	Very High	NULL
U-MM177	Needs Minor Repair	Very Low	NULL
U-MM178	Not Functional	No Utilization	NULL
U-MM179	Not Functional	No Utilization	broken electrodes
U-MM180	Fully Functional	Normal	NULL
U-MM181	Not Functional	No Utilization	NULL
U-MM182	Fully Functional	Normal	NULL
U-MM183	Not Functional	No Utilization	NULL
U-MM184	Fully Functional	Normal	NULL
U-MM185	Fully Functional	Normal	NULL
U-MM186	Fully Functional	Normal	NULL
U-MM187	Fully Functional	Normal	NULL
U-MM188	Fully Functional	Very Low	info at puretone.net
U-MM189	Fully Functional	Very Low	NULL
U-MM190	Fully Functional	Very Low	NULL
U-MM191	Fully Functional	Normal	NULL
U-MM192	Needs Minor Repair	No Utilization	need to buy rechargeable battery with 4V or AA battery. Printer not working. Guy Mark Contact +44[0]1384410848 www.guymark.com
U-MM193	Not Functional	No Utilization	NULL
U-MM194	Fully Functional	Normal	NULL
U-MM195	Fully Functional	Normal	NULL
U-MM196	Fully Functional	Normal	NULL
U-MM197	Fully Functional	Normal	NULL
U-MM198	Fully Functional	Normal	NULL
U-MM199	Fully Functional	Normal	NULL
U-MM200	Fully Functional	Normal	NULL
U-MM201	Fully Functional	Normal	NULL
U-MM202	Fully Functional	Normal	Donor: Dr Drysdale, a.drysdale2@gmail.com
U-MM203	Fully Functional	Normal	NULL
U-MM204	Fully Functional	Normal	NULL
U-MM205	Fully Functional	Normal	NULL
U-MM206	Not Functional	No Utilization	NULL
U-MM207	Fully Functional	Normal	NULL
U-MM208	Fully Functional	Normal	NULL
U-MM209	Fully Functional	Normal	NULL
U-MM210	Fully Functional	Normal	NULL
U-MM211	Fully Functional	Normal	NULL
U-MM212	Fully Functional	Normal	NULL
U-MM213	Fully Functional	Normal	NULL
U-MM214	Fully Functional	Normal	NULL
U-MM215	Fully Functional	Normal	NULL
U-MM216	Fully Functional	Normal	NULL
U-MM217	Fully Functional	Normal	NULL
U-MM218	Not Functional	No Utilization	NULL
U-MM219	Not Functional	No Utilization	NULL
U-MM220	Fully Functional	Normal	NULL
U-MM221	Fully Functional	Normal	NULL
U-MM222	Fully Functional	Normal	NULL
U-MM223	Fully Functional	Normal	NULL
U-MM224	Fully Functional	Normal	NULL
U-MM225	Fully Functional	Normal	NULL
U-MM226	Fully Functional	Normal	NULL
U-MM227	Fully Functional	Normal	NULL
U-MM228	Fully Functional	Normal	NULL
U-MM229	Fully Functional	Normal	NULL
U-MM230	Fully Functional	Normal	NULL
U-MM231	Fully Functional	Normal	NULL
U-MM232	Fully Functional	Normal	NULL
U-MM233	Fully Functional	Normal	NULL
U-MM234	Fully Functional	Normal	NULL
U-MM235	Fully Functional	Normal	NULL
U-MM236	Fully Functional	Normal	NULL
U-MM237	Fully Functional	Normal	NULL
U-MM238	Fully Functional	Normal	NULL
U-MM239	Fully Functional	Normal	NULL
U-MM240	Not Functional	No Utilization	NULL
U-MM241	Fully Functional	Normal	NULL
U-MM242	Fully Functional	Normal	NULL
U-MM243	Fully Functional	Normal	NULL
U-MM244	Fully Functional	Very Low	NULL
U-MM245	Fully Functional	Very Low	NULL
U-MM246	Fully Functional	Very Low	foot operated - user does not enjoy it
U-MM247	Fully Functional	Very Low	foot operated - user does not enjoy it
U-MM248	Fully Functional	Normal	NULL
U-MM249	Not Functional	No Utilization	NULL
U-MM250	Not Functional	No Utilization	new bedside monitors used instead, battery failed
U-MM251	Needs Major Repair	No Utilization	runs for 15 min before switching off; minor repair in aug 2012; runs continuously but makes loud noise
U-MM252	Not Functional	No Utilization	NULL
U-MM253	Fully Functional	Very Low	Brought to other departments for use
U-MM254	Fully Functional	No Utilization	new bedside monitors used instead, battery failed
U-MM255	Not Functional	Very Low	NULL
U-MM256	Not Functional	No Utilization	NULL
U-MM257	Fully Functional	Normal	NULL
U-MM258	Fully Functional	Normal	NULL
U-MM259	Fully Functional	Normal	NULL
U-MM260	Fully Functional	Normal	New bedside monitors used
U-MM261	Fully Functional	Normal	NULL
U-MM262	Fully Functional	Normal	NULL
U-MM263	Fully Functional	Normal	NULL
U-MM264	Fully Functional	Normal	NULL
U-MM265	Fully Functional	Normal	NULL
U-MM266	Fully Functional	Normal	NULL
U-MM267	Fully Functional	Normal	NULL
U-MM268	Fully Functional	Normal	NULL
U-MM269	Fully Functional	Normal	NULL
U-MM270	Fully Functional	Normal	NULL
U-MM271	Fully Functional	Normal	NULL
U-MM272	Fully Functional	Normal	NULL
U-MM273	Fully Functional	Normal	NULL
U-MM274	Fully Functional	Normal	NULL
U-MM275	Fully Functional	Normal	NULL
U-MM276	Fully Functional	Normal	NULL
U-MM277	Fully Functional	Normal	NULL
U-MM278	Fully Functional	Normal	NULL
U-MM279	Fully Functional	Normal	NULL
U-MM280	Not Functional	No Utilization	NULL
U-MM281	Fully Functional	Normal	NULL
U-MM282	Fully Functional	Normal	NULL
U-MM283	Fully Functional	Normal	NULL
U-MM284	Needs Minor Repair	Normal	3 out of 6 screens working
U-MM285	Fully Functional	Normal	NULL
U-MM286	Fully Functional	Normal	NULL
U-MM287	Fully Functional	Normal	NULL
U-MM288	Fully Functional	Normal	NULL
U-MM289	Fully Functional	Normal	NULL
U-MM290	Fully Functional	Normal	NULL
U-MM291	Fully Functional	Normal	NULL
U-MM292	Fully Functional	Normal	NULL
U-MM293	Fully Functional	Normal	NULL
U-MM294	Fully Functional	Normal	NULL
U-MM295	Not Functional	No Utilization	NULL
U-MM296	Fully Functional	Normal	NULL
U-MM297	Needs Minor Repair	No Utilization	NULL
U-MM298	Needs Minor Repair	Normal	NULL
U-MM299	Needs Minor Repair	Normal	Head rest broken
U-MM300	Needs Major Repair	Normal	Light bulb is not working, water jet not working, chair position cannot be adjusted
U-MM301	Fully Functional	Normal	NULL
U-MM302	Not Functional	No Utilization	NULL
U-MM303	Not Functional	No Utilization	NULL
U-MM304	Not Functional	No Utilization	NULL
U-MM305	Fully Functional	Normal	NULL
U-MM306	Needs Major Repair	Normal	Does not heat up, just used for storing neonates
U-MM307	Needs Major Repair	Normal	Does not heat up, just used for storing neonates
U-MM308	Fully Functional	Normal	NULL
U-MM309	Fully Functional	Normal	NULL
U-MM310	Fully Functional	Normal	NULL
U-MM311	Fully Functional	Normal	NULL
U-MM312	Fully Functional	Normal	NULL
U-MM313	Not Functional	No Utilization	NULL
U-MM314	Fully Functional	Normal	NULL
U-MM315	Not Functional	No Utilization	NULL
U-MM316	Needs Minor Repair	Normal	Switches off sometimes, needs reboot
U-MM317	Not Functional	Normal	NULL
U-MM318	Fully Functional	Normal	NULL
U-MM319	Fully Functional	Normal	NULL
U-MM320	Fully Functional	Normal	NULL
U-MM321	Fully Functional	Normal	NULL
U-MM322	Fully Functional	Normal	NULL
U-MM323	Fully Functional	Normal	NULL
U-MM324	Needs Minor Repair	Normal	NULL
U-MM325	Needs Minor Repair	Normal	NULL
U-MM326	Needs Minor Repair	Normal	NULL
U-MM327	Not Functional	No Utilization	NULL
U-MM328	Fully Functional	Normal	NULL
U-MM329	Fully Functional	Normal	NULL
U-MM330	Fully Functional	Normal	NULL
U-MM331	Fully Functional	Normal	NULL
U-MM332	Fully Functional	Normal	NULL
U-MM333	Fully Functional	Normal	NULL
U-MM334	Fully Functional	Normal	NULL
U-MM335	Fully Functional	Normal	NULL
U-MM336	Fully Functional	Normal	NULL
U-MM337	Fully Functional	Normal	NULL
U-MM338	Fully Functional	Normal	NULL
U-MM339	Fully Functional	Normal	NULL
U-MM340	Fully Functional	Normal	NULL
U-MM341	Fully Functional	Normal	NULL
U-MM342	Fully Functional	Normal	NULL
U-MM343	Fully Functional	Normal	NULL
U-MM344	Fully Functional	Normal	NULL
U-MM345	Fully Functional	Normal	NULL
U-MM346	Needs Major Repair	Normal	Lamp does not stabilize- medchanical fault, needs to be propped for use
U-MM347	Fully Functional	Normal	NULL
U-MM348	Fully Functional	Normal	NULL
U-MM349	Fully Functional	Normal	Low vacuum, inconsistent functioning, sent to HCEU repeatedly, Annudha: +255222122745/7
U-MM350	Fully Functional	Normal	NULL
U-MM351	Fully Functional	Normal	NULL
U-MM352	Fully Functional	Normal	NULL
U-MM353	Fully Functional	Normal	NULL
U-MM354	Needs Minor Repair	Normal	mechanical failure for wheels. Lab Equip came once during warranty period. Second time of breakage was after warranty
U-MM355	Fully Functional	Normal	NULL
U-MM356	Fully Functional	Normal	NULL
U-MM357	Fully Functional	Normal	NULL
U-MM358	Needs Major Repair	No Utilization	EKG functioning, defibs not
U-MM359	Fully Functional	Normal	NULL
U-MM360	Needs Major Repair	Normal	Lamp does not stabilize- medchanical fault, needs to be propped for use
U-MM361	Fully Functional	Normal	NULL
U-MM362	Fully Functional	Normal	NULL
U-MM363	Needs Major Repair	Normal	Fan is broken
U-MM364	Needs Minor Repair	Very High	Sometimes doesn't go up and down, stiff pedal
U-MM365	Not Functional	No Utilization	Gives incorrect measurements
U-MM366	Not Functional	No Utilization	Measurements for heart rate, arterial pressure, systolic and diastolic are incorrect
U-MM367	Not Functional	No Utilization	NULL
U-MM368	Fully Functional	Normal	NULL
U-MM369	Fully Functional	Normal	NULL
U-MM370	Not Functional	No Utilization	NULL
U-MM371	Not Functional	No Utilization	NULL
U-MM372	Not Functional	No Utilization	NULL
U-MM373	Not Functional	No Utilization	NULL
U-MM374	Fully Functional	Normal	NULL
U-MM375	Fully Functional	Normal	NULL
U-MM376	Fully Functional	Normal	NULL
U-MM377	Fully Functional	Normal	NULL
U-MM378	Needs Major Repair	Normal	Heating lamp not working
U-MM379	Needs Minor Repair	Normal	Vacuum strength not high enough
U-MM380	Needs Minor Repair	Normal	Vacuum strength not high enough
U-MM381	Not Functional	No Utilization	Missing motor, incomplete set
U-MM382	Fully Functional	No Utilization	NULL
U-MM383	Fully Functional	Normal	NULL
U-MM384	Fully Functional	Normal	NULL
U-MM385	Fully Functional	Normal	NULL
U-MM386	Fully Functional	Normal	NULL
U-MM387	Fully Functional	Normal	NULL
U-MM388	Fully Functional	Normal	NULL
U-MM389	Fully Functional	Normal	NULL
U-MM390	Fully Functional	Normal	NULL
U-MM391	Fully Functional	Normal	NULL
U-MM392	Needs Major Repair	Very Low	Electronic controls not working, used when 2 evacuation procedures are needed
U-MM393	Needs Minor Repair	Normal	NULL
U-MM394	Fully Functional	Normal	NULL
U-MM395	Needs Minor Repair	Normal	Works sometimes
U-MM396	Fully Functional	Normal	NULL
U-MM397	Fully Functional	Normal	NULL
U-MM398	Needs Minor Repair	Very Low	Hard to use, stiff
U-MM399	Needs Minor Repair	No Utilization	NULL
U-MM400	Not Functional	No Utilization	NULL
U-MM401	Fully Functional	Normal	NULL
U-MM402	Needs Minor Repair	No Utilization	NULL
U-MM403	Needs Minor Repair	No Utilization	Hard to use, stiff
U-MM404	Fully Functional	Normal	Hard to use, stiff
U-MM405	Fully Functional	Normal	NULL
U-MM406	Not Functional	No Utilization	NULL
U-MM407	Not Functional	No Utilization	NULL
U-MM408	Fully Functional	Normal	NULL
U-MM409	Fully Functional	Normal	NULL
U-MM410	Fully Functional	Normal	NULL
U-MM411	Not Functional	No Utilization	NULL
U-MM412	Fully Functional	Normal	NULL
U-MM413	Fully Functional	Normal	NULL
U-MM414	Fully Functional	Normal	NULL
U-MM415	Not Functional	No Utilization	NULL
U-MM416	Fully Functional	Normal	NULL
U-MM417	Fully Functional	Normal	NULL
U-MM418	Needs Major Repair	Normal	NULL
U-MM419	Needs Major Repair	Normal	CO2 Absorber switch not working well
U-MM420	Not Functional	No Utilization	Works on and off, piping to oxygen tank does not connect
U-MM421	Fully Functional	Normal	Wrong vaporizer? Piping to oxygen does not connect
U-MM422	Fully Functional	Normal	NULL
U-MM423	Fully Functional	Normal	NULL
U-MM424	Fully Functional	Normal	NULL
U-MM425	Fully Functional	Normal	NULL
U-MM426	Fully Functional	Normal	NULL
U-MM427	Needs Major Repair	No Utilization	NULL
U-MM428	Not Functional	No Utilization	Water leakage
U-MM429	Fully Functional	Normal	NULL
U-MM430	Fully Functional	No Utilization	NULL
U-MM431	Fully Functional	Normal	Not used because ultrasound is not used
U-MM432	Fully Functional	Normal	NULL
U-MM433	Not Functional	No Utilization	NULL
U-MM434	Not Functional	No Utilization	NULL
U-MM435	Not Functional	No Utilization	NULL
U-MM436	Fully Functional	Normal	NULL
U-MM437	Not Functional	No Utilization	NULL
U-MM438	Not Functional	No Utilization	NULL
U-MM439	Not Functional	No Utilization	Should be disposed
U-MM440	Fully Functional	Normal	NULL
U-MM441	Fully Functional	Normal	NULL
U-MM442	Fully Functional	Normal	NULL
U-MM443	Fully Functional	Normal	NULL
U-MM444	Fully Functional	Normal	NULL
U-MM445	Fully Functional	No Utilization	NULL
U-MM446	Fully Functional	Normal	No reagents
U-MM447	Not Functional	No Utilization	NULL
U-MM448	Not Functional	Normal	probe doesn't function
U-MM449	Fully Functional	Normal	NULL
U-MM450	Not Functional	No Utilization	NULL
U-MM451	Not Functional	No Utilization	Should be disposed
U-MM452	Not Functional	No Utilization	NULL
U-MM453	Fully Functional	No Utilization	NULL
U-MM454	Fully Functional	Normal	NULL
U-MM455	Fully Functional	Normal	NULL
U-MM456	Fully Functional	Normal	NULL
U-MM457	Fully Functional	Normal	NULL
U-MM458	Fully Functional	Normal	NULL
U-MM459	Fully Functional	Normal	NULL
U-MM460	Fully Functional	Normal	NULL
U-MM461	Fully Functional	Normal	NULL
U-MM462	Fully Functional	Normal	NULL
U-MM463	Not Functional	No Utilization	NULL
U-MM464	Not Functional	No Utilization	NULL
U-MM465	Not Functional	No Utilization	NULL
U-MM466	Not Functional	No Utilization	NULL
U-MM467	Not Functional	No Utilization	NULL
U-MM468	Fully Functional	No Utilization	NULL
U-MM469	Fully Functional	No Utilization	NULL
U-MM470	Not Functional	No Utilization	NULL
U-MM471	Not Functional	No Utilization	Irreparable
U-MM472	Fully Functional	No Utilization	mmHg meter is broken
U-MM473	Fully Functional	No Utilization	NULL
U-MM474	Not Functional	No Utilization	NULL
U-MM475	Fully Functional	No Utilization	Capacitor broken
U-MM476	Fully Functional	No Utilization	NULL
U-MM477	Fully Functional	Normal	NULL
U-MM478	Fully Functional	No Utilization	NULL
U-MM479	Needs Minor Repair	No Utilization	NULL
U-MM480	Fully Functional	No Utilization	Functional but leaky cuff
U-MM481	Fully Functional	No Utilization	NULL
U-MM482	Fully Functional	No Utilization	Missing 1 9V Battery
U-MM483	Fully Functional	No Utilization	Missing 1 9V Battery
U-MM484	Fully Functional	Normal	Missing 2 AA Batteries
U-MM485	Fully Functional	Normal	NULL
U-MM486	Fully Functional	No Utilization	NULL
U-MM487	Fully Functional	No Utilization	Not used because scanner not functional. +255 222701032 (Supplier and Service coy no.)
U-MM488	Fully Functional	No Utilization	Not used because scanner not functional. 
U-MM489	Fully Functional	No Utilization	Not used because scanner not functional. 
U-MM490	Not Functional	No Utilization	Not used because scanner not functional. +255 222701032 (Supplier and Service coy no.)
U-MM491	Fully Functional	No Utilization	X-Ray tube needs to be replaced
U-MM492	Fully Functional	Normal	Not used because scanner not functional. +255 222701032 (Supplier and Service coy no.)
U-MM493	Fully Functional	Normal	NULL
U-MM494	Fully Functional	Normal	NULL
U-MM495	Needs Minor Repair	Normal	NULL
U-MM496	Needs Minor Repair	Normal	No batteries, bust still works for intubation. Flashlight function does not work. Needs 2 AA Batteries
U-MM497	Needs Minor Repair	Normal	No batteries, bust still works for intubation. Flashlight function does not work. Needs 2 AA Batteries
U-MM498	Fully Functional	No Utilization	No batteries, bust still works for intubation. Flashlight function does not work. Needs 2 AA Batteries
U-MM499	Fully Functional	No Utilization	Autoclave in maternity main corridor is used instead. 1 is enough for each department.
U-MM500	Not Functional	No Utilization	Autoclave in maternity main corridor is used instead. 1 is enough for each department.
U-MM501	Fully Functional	No Utilization	NULL
U-MM502	Not Functional	No Utilization	NULL
U-MM503	Fully Functional	Normal	NULL
U-MM504	Not Functional	No Utilization	NULL
U-MM505	Fully Functional	Normal	NULL
U-MM506	Not Functional	No Utilization	NULL
U-MM507	Not Functional	No Utilization	Waiting for sparepart (24V output power supplier)
U-MM508	Not Functional	No Utilization	Awaiting functional monitor. Funder contact: pierlorenzo.costa@tin.it
U-MM509	Not Functional	No Utilization	NULL
U-MM510	Not Functional	No Utilization	NULL
U-MM511	Not Functional	No Utilization	NULL
