domain,tag,model,serial_number,year_manufactured,funding,date_received,warranty_expiry,contract_expiry,warranty_notes,service_agent,room,type,price
P-CC,001,"apt-line b28 ",11-15317,NULL,ICAP,2012-01-01,NULL,NULL,NULL,NULL,Parasitology,Biomedical,NULL
P-CC,002,"humascope fluo led b/g",110024,2012,ICAP,NULL,NULL,NULL,NULL,NULL,Parasitology,Biomedical,NULL
P-CC,003,cx21FS1,5390939,NULL,ZMCP,NULL,NULL,NULL,NULL,ZMCP,Parasitology,Biomedical,NULL
P-CC,004,HP-155A,NULL,NULL,Government,2012-01-01,NULL,NULL,NULL,NULL,Parasitology,Biomedical,NULL
P-CC,005,egl-12e,6,NULL,ADB,NULL,NULL,NULL,NULL,NULL,Microbiology,Biomedical,NULL
P-CC,006,ae-350,35259,2009,ADB,NULL,NULL,NULL,NULL,ADB,Microbiology,Biomedical,NULL
P-CC,007,ax-9602,0-9070176,2009,ADB,NULL,NULL,NULL,NULL,NULL,Microbiology,Biomedical,NULL
P-CC,008,ax-9602,0-9070135,2009,ADB,NULL,NULL,NULL,NULL,NULL,Microbiology,Biomedical,NULL
P-CC,009,"ast 320-4m",WB07C0078,NULL,NULL,NULL,NULL,NULL,NULL,NULL,"Sputum Examination ",Biomedical,NULL
P-CC,010,mn120,0-2-0647,2011,ICAP,NULL,NULL,NULL,NULL,NULL,"Sputum Examination ",Biomedical,NULL
P-CC,011,"primostar iled",3133000139,NULL,USAID,NULL,NULL,NULL,NULL,NULL,"Sputum Examination ",Biomedical,NULL
P-CC,012,3870m,1105556,NULL,ICAP,2003-03-03,NULL,NULL,NULL,ICAP,"Sputum Examination ",Biomedical,NULL
P-CC,013,"eclipse e200",143954,NULL,"World Medical Colours",2003-01-01,NULL,NULL,NULL,NULL,"Sputum Examination ",Biomedical,NULL
P-CC,014,elite,212465,NULL,Hospital,NULL,NULL,NULL,NULL,NULL,Phlebotomy,Biomedical,NULL
P-CC,015,"Ghaco Plus",GP0179200,NULL,Hospital,NULL,NULL,NULL,NULL,NULL,Phlebotomy,Biomedical,NULL
P-CC,016,"Hemocue Hb 201+",0824013166,NULL,ICAP,NULL,NULL,NULL,NULL,NULL,Phlebotomy,Biomedical,NULL
P-CC,017,ch40,rf200,NULL,ZACP,NULL,NULL,NULL,NULL,NULL,"Lab Store Room",Biomedical,NULL
P-CC,018,4236,220793,1989,NULL,NULL,NULL,NULL,NULL,NULL,"Lab Store Room",Biomedical,NULL
P-CC,019,c07000,244,NULL,NULL,NULL,NULL,NULL,NULL,NULL,"Lab Store Room",Biomedical,NULL
P-CC,020,dsc3005d,0-606046,NULL,ICAP,2006-01-01,NULL,NULL,NULL,NULL,"Lab Store Room",Biomedical,NULL
P-CC,021,Dk-420,L-612822,NULL,PHL,NULL,NULL,NULL,NULL,NULL,"Blood Transfusion",Biomedical,NULL
P-CC,022,cx21FS1,SF91089,NULL,SMPC,NULL,NULL,NULL,NULL,NULL,"Blood Transfusion",Biomedical,NULL
P-CC,023,R303,HMLC-6691,2004,NULL,NULL,NULL,NULL,NULL,NULL,"Blood Transfusion",Biomedical,NULL
P-CC,024,"Emotega 250",13608,2004,UNFPA,2006-01-01,NULL,NULL,NULL,ICAP,"Blood Transfusion",Biomedical,NULL
P-CC,025,"screen master 3000 evolution",n33295,NULL,ICAP,2006-01-01,NULL,NULL,NULL,NULL,Hematology,Biomedical,NULL
P-CC,026,vm-1000,08101035,NULL,ICAP,2006-01-06,NULL,NULL,NULL,NULL,"Hematology And Chemistry",Biomedical,NULL
P-CC,027,ZR-440FC,KE3Y570028,NULL,ZACP,2007-11-12,NULL,NULL,NULL,ZACP,"Hematology And Chemistry",Biomedical,NULL
P-CC,028,"micros 60 ot",6050t80798,NULL,ICAP,2006-01-01,NULL,NULL,NULL,NULL,"Hematology And Chemistry",Biomedical,NULL
P-CC,029,"BD Facs Count TM Instrument",D858000488,2006,ICAP,2006-01-01,NULL,NULL,NULL,NULL,"Hematology And Chemistry",Biomedical,NULL
P-CC,030,mac500,500008730,2003,"Donated by Ivo de Carreri",NULL,NULL,NULL,NULL,NULL,"Radiologist Office",Biomedical,NULL
P-CC,031,cardiofax-3,ai09507,NULL,IVO,2009-01-01,NULL,NULL,NULL,NULL,"Radiologist Office",Biomedical,NULL
P-CC,032,NULL,NULL,NULL,NULL,NULL,NULL,NULL,NULL,NULL,"Radiologist Office",Biomedical,NULL
P-CC,033,s175,1280,1990,NULL,NULL,NULL,NULL,NULL,NULL,"Xray Examination Room",Biomedical,NULL
P-CC,034,NULL,NULL,NULL,NULL,NULL,NULL,NULL,NULL,NULL,"Xray Examination Room",Biomedical,NULL
P-CC,035,NULL,NULL,NULL,NULL,NULL,NULL,NULL,NULL,NULL,"Xray Examination Room",Biomedical,NULL
P-CC,036,"VA 05",442,NULL,NULL,NULL,NULL,NULL,NULL,NULL,"Dark Room",Biomedical,NULL
P-CC,037,NULL,NULL,NULL,NULL,NULL,NULL,NULL,NULL,NULL,"Xray Examination Room",Biomedical,NULL
P-CC,038,NULL,NULL,NULL,NULL,NULL,NULL,NULL,NULL,NULL,"Xray Examination Room",Biomedical,NULL
P-CC,039,SSD-650CL,21M02954,NULL,NULL,NULL,NULL,NULL,NULL,NULL,"Ultrasound Room",Biomedical,NULL
P-CC,040,au560cfm,se14399015,NULL,"Ivo de Cameri Fdn",2011-01-01,NULL,NULL,NULL,NULL,"Ultrasound Room",Biomedical,NULL
P-CC,041,ezu-mt12-s1,se14432011,NULL,"Ivo de Cameri Fdn",2011-01-01,NULL,NULL,NULL,NULL,"Ultrasound Room",Biomedical,NULL
P-CC,042,OPT20,132,1995,"Ivo de Cameri Fdn",NULL,NULL,NULL,NULL,NULL,"Minor Theater Room",Biomedical,NULL
P-CC,043,"ML 3005",NULL,NULL,"Ivo de Carneria Fdn",NULL,NULL,NULL,NULL,NULL,"Major Theater",Biomedical,NULL
P-CC,044,NULL,7384ld,NULL,IDC/IVO,NULL,NULL,NULL,NULL,NULL,"Major Theater",Biomedical,NULL
P-CC,045,NULL,280s,NULL,IDC/IVO,NULL,NULL,NULL,NULL,NULL,"Major Theater",Biomedical,NULL
P-CC,046,NULL,c580794,NULL,"Ivo de Carneria Fdn",NULL,NULL,NULL,NULL,NULL,"Major Theater",Biomedical,NULL
P-CC,047,A-L-Kompressor,8406250,NULL,NULL,2011-01-01,NULL,NULL,NULL,NULL,"Operating Room",Biomedical,NULL
P-CC,048,"multinex 4000",6117-jo,NULL,"Ivo de Carreri",NULL,NULL,NULL,NULL,NULL,"Major Theater",Biomedical,NULL
P-CC,049,"haravlux 2004",9010015,NULL,NULL,NULL,NULL,NULL,NULL,NULL,"Major Theater",Biomedical,NULL
P-CC,050,"CS M101",NULL,NULL,NULL,NULL,NULL,NULL,NULL,NULL,"Major Theater",Biomedical,NULL
P-CC,051,Libretta,12-04112,NULL,NULL,NULL,NULL,NULL,NULL,NULL,"Major Theater",Biomedical,NULL
P-CC,052,"sirecust 732","01414 S 02",NULL,IDC,NULL,NULL,NULL,NULL,NULL,"Major Theater",Biomedical,NULL
P-CC,053,Cardioserve,101134727,NULL,"Italy Foundation",NULL,NULL,NULL,NULL,NULL,"Operating Room",Biomedical,NULL
P-CC,054,"catalog #51 saks",A5048356S,NULL,UNFPA,NULL,NULL,NULL,NULL,NULL,"Major Theater",Biomedical,NULL
P-CC,055,event,A0477-08-04,NULL,NULL,NULL,NULL,NULL,NULL,NULL,"Operating Room",Biomedical,NULL
P-CC,056,"Tobi clinic",2078,NULL,NULL,NULL,NULL,NULL,NULL,"Anudha Limited (anudha.com; +255 22 2122745/7","Operating Room",Biomedical,NULL
P-CC,057,opt,NULL,NULL,NULL,NULL,NULL,NULL,NULL,NULL,"Operating Room",Biomedical,NULL
P-CC,058,515ks,h53285ks,NULL,UNFPA,NULL,NULL,NULL,NULL,NULL,"Major Theater",Biomedical,NULL
P-CC,059,NULL,5972,NULL,1982-15-01,NULL,NULL,NULL,NULL,NULL,"Sterilization  Room",Biomedical,NULL
P-CC,060,NULL,5641,1980,NULL,NULL,NULL,NULL,NULL,NULL,"Sterilization  Room",Biomedical,NULL
P-CC,061,70317,NULL,NULL,NULL,NULL,NULL,NULL,NULL,NULL,"Sterilization  Room",Biomedical,NULL
P-CC,062,dxba3321,26143,2003,NULL,NULL,NULL,NULL,NULL,NULL,"Sterilization  Room",Biomedical,NULL
P-CC,063,martin,b054/84,1988,NULL,NULL,NULL,NULL,NULL,NULL,"Sterilization  Room",Biomedical,NULL
P-CC,064,"hyfrecator plus",7-96a-u,NULL,NULL,NULL,NULL,NULL,NULL,NULL,"Sterilization  Room",Biomedical,NULL
P-CC,065,martin,b073/69,NULL,NULL,NULL,NULL,NULL,NULL,NULL,"Major Theater",Biomedical,NULL
P-CC,066,AHP-3,NULL,NULL,NULL,NULL,NULL,NULL,NULL,NULL,"Sterilization  Room",Biomedical,NULL
P-CC,067,NULL,NULL,NULL,NULL,NULL,NULL,NULL,NULL,NULL,Maternity,Biomedical,NULL
P-CC,068,ls-150,NULL,NULL,"International aid",NULL,NULL,NULL,NULL,NULL,Maternity,Biomedical,NULL
P-CC,069,NULL,0-32633,NULL,UNICEF,NULL,NULL,NULL,NULL,NULL,Maternity,Biomedical,NULL
P-CC,070,NULL,NULL,NULL,NULL,NULL,NULL,NULL,NULL,NULL,"Labor Room",Biomedical,NULL
P-CC,071,6-ft,7431/90,NULL,NULL,NULL,NULL,NULL,NULL,NULL,Maternity,Biomedical,NULL
P-CC,072,D206,2489,NULL,NULL,NULL,NULL,NULL,NULL,NULL,Maternity,Biomedical,NULL
P-CC,073,NULL,NULL,NULL,IVO,NULL,NULL,NULL,NULL,NULL,"Labor Room",Biomedical,NULL
P-CC,074,NULL,NULL,NULL,NULL,NULL,NULL,NULL,NULL,NULL,"Labor Room",Biomedical,NULL
P-CC,075,NULL,NULL,NULL,NULL,NULL,NULL,NULL,NULL,NULL,"Labor Room",Biomedical,NULL
P-CC,076,NULL,NULL,NULL,NULL,NULL,NULL,NULL,NULL,NULL,"Labor Room",Biomedical,NULL
P-CC,077,NULL,NULL,NULL,NULL,NULL,NULL,NULL,NULL,NULL,Maternity,Biomedical,NULL
P-CC,078,NULL,NULL,NULL,NULL,NULL,NULL,NULL,NULL,NULL,Maternity,Biomedical,NULL
P-CC,079,NULL,NULL,NULL,NULL,NULL,NULL,NULL,NULL,NULL,Maternity,Biomedical,NULL
P-CC,080,NULL,NULL,NULL,NULL,NULL,NULL,NULL,NULL,NULL,"Maternity Theater",Biomedical,NULL
P-CC,081,NULL,NULL,NULL,"Ivo de Carneri",NULL,NULL,NULL,NULL,NULL,Maternity,Biomedical,NULL
P-CC,082,NULL,09303/133685,NULL,NULL,NULL,NULL,NULL,NULL,NULL,"Operating Room",Biomedical,NULL
P-CC,083,NULL,NULL,NULL,NULL,NULL,NULL,NULL,NULL,NULL,"Dental Clinic",Biomedical,NULL
P-CC,084,Pasteur,0500,NULL,NULL,NULL,NULL,NULL,NULL,NULL,"Dental Clinic",Biomedical,NULL
P-CC,085,sn82,0-137241,NULL,NULL,NULL,NULL,NULL,NULL,NULL,"Dental Clinic",Biomedical,NULL
P-CC,086,NULL,0-7062,NULL,NULL,NULL,NULL,NULL,NULL,NULL,"Dental Clinic",Biomedical,NULL
P-CC,087,NULL,nref,NULL,NULL,NULL,NULL,NULL,NULL,NULL,"Dental Clinic",Biomedical,NULL
P-CC,088,esb25,40078-903,NULL,NULL,NULL,NULL,NULL,NULL,NULL,"Dental Clinic",Biomedical,NULL
P-CC,089,NULL,NULL,NULL,NULL,NULL,NULL,NULL,NULL,NULL,"Dental Clinic",Biomedical,NULL
P-CC,090,NULL,NULL,NULL,NULL,NULL,NULL,NULL,NULL,NULL,"Eye Clinic Examination Room",Biomedical,NULL
P-CC,091,NULL,0540/90,NULL,Italy,NULL,NULL,NULL,NULL,NULL,"Doctor Room",Biomedical,NULL
P-CC,092,"lensmaster lm-25",503,NULL,NULL,NULL,NULL,NULL,NULL,NULL,"Vision Center",Biomedical,NULL
P-CC,093,NULL,NULL,NULL,NULL,NULL,NULL,NULL,NULL,NULL,"Vision Center",Biomedical,NULL
P-CC,094,"Vistion tester D",181989,NULL,NULL,NULL,NULL,NULL,NULL,NULL,"Vision Center",Biomedical,NULL
P-CC,095,"AR 530",85418,NULL,NULL,NULL,NULL,NULL,NULL,NULL,"Vision Center",Biomedical,NULL
P-CC,096,Y25F1,221019121006,NULL,NULL,NULL,NULL,NULL,NULL,NULL,"Vision Room",Biomedical,NULL
P-CC,097,NULL,NULL,NULL,NULL,NULL,NULL,NULL,NULL,NULL,"Vision Center",Biomedical,NULL
P-CC,098,LE-400,10142975,NULL,NULL,NULL,NULL,NULL,NULL,NULL,"Work Shop Of Vision Center",Biomedical,NULL
P-CC,099,NULL,NULL,NULL,NULL,NULL,NULL,NULL,NULL,NULL,"Work Shop Of Vision Center",Biomedical,NULL
P-CC,100,NULL,NULL,NULL,NULL,NULL,NULL,NULL,NULL,NULL,"Vision Center",Biomedical,NULL
P-CC,101,NULL,y0000199,NULL,NULL,NULL,NULL,NULL,NULL,NULL,"Work Shop Of Vision Center",Biomedical,NULL
P-CC,102,ls-100,NULL,NULL,NULL,NULL,NULL,NULL,NULL,NULL,"Vision Center Store",Biomedical,NULL
P-CC,103,"RCW 50 EK",NULL,NULL,NULL,NULL,NULL,NULL,NULL,NULL,"Reproductive Child Health",Biomedical,NULL
P-CC,104,NULL,NULL,NULL,NULL,NULL,NULL,NULL,NULL,NULL,"Reproductive Child Health",Biomedical,NULL
P-CC,105,2171721009,0123,2009,"Doctors without Borders",NULL,NULL,NULL,NULL,NULL,RCH,Biomedical,NULL
P-CC,106,"Bigben Round",NULL,NULL,NULL,NULL,NULL,NULL,NULL,NULL,RCH,Biomedical,NULL
P-CC,107,NULL,NULL,NULL,NULL,NULL,NULL,NULL,NULL,NULL,RCH,Biomedical,NULL
P-CC,108,8811021659,1881139095183,NULL,NULL,NULL,NULL,NULL,NULL,NULL,"Reproductive Child Health",Biomedical,NULL
P-CC,109,NULL,NULL,NULL,NULL,NULL,NULL,NULL,NULL,NULL,"Work Shop Of Vision Center",Biomedical,NULL
P-CC,110,NULL,NULL,NULL,NULL,NULL,NULL,NULL,NULL,NULL,"Work Shop Of Vision Center",Biomedical,NULL
P-CC,111,NULL,NULL,NULL,SM2,NULL,NULL,NULL,NULL,NULL,"Doctor Room2",Biomedical,NULL
P-CC,112,NULL,NULL,NULL,NULL,NULL,NULL,NULL,NULL,NULL,"Doctor Room 1",Biomedical,NULL
P-CC,113,NULL,NULL,NULL,NULL,NULL,NULL,NULL,NULL,NULL,"Doctor Room 2",Biomedical,NULL
P-CC,114,NULL,NULL,NULL,NULL,NULL,NULL,NULL,NULL,NULL,"Doctor Room 2",Biomedical,NULL
P-CC,115,NULL,NULL,NULL,NULL,NULL,NULL,NULL,NULL,NULL,"Doctor Room 1",Biomedical,NULL
P-CC,116,NULL,NULL,NULL,NULL,NULL,NULL,NULL,NULL,NULL,"Ctc - Core Treament Center",Biomedical,NULL
P-CC,117,8811021659,1.88114E+12,NULL,NULL,NULL,NULL,NULL,NULL,NULL,"Care Treatment Clinic",Biomedical,NULL
P-CC,118,NULL,NULL,NULL,NULL,NULL,NULL,NULL,NULL,NULL,"Doctor Room 3",Biomedical,NULL
P-CC,119,NULL,NULL,NULL,NULL,NULL,NULL,NULL,NULL,NULL,"Opd Main Corridor",Biomedical,NULL
P-CC,120,NULL,NULL,NULL,NULL,NULL,NULL,NULL,NULL,NULL,"Opd Main Corridor",Biomedical,NULL
P-CC,121,NULL,0541190,NULL,NULL,NULL,NULL,NULL,NULL,NULL,"Dressing Room",Biomedical,NULL
P-CC,122,NULL,NULL,NULL,NULL,NULL,NULL,NULL,NULL,NULL,"Dressing Room",Biomedical,NULL
P-CC,123,11730,NY13153,NULL,Chara,2012-01-01,NULL,NULL,NULL,NULL,Ent,Biomedical,NULL
P-CC,124,335828,NULL,NULL,NULL,NULL,NULL,NULL,NULL,NULL,Ent,Biomedical,NULL
P-CC,125,NULL,NULL,NULL,NULL,NULL,NULL,NULL,NULL,NULL,Ent,Biomedical,NULL
P-CC,126,NULL,NULL,NULL,NULL,NULL,NULL,NULL,NULL,NULL,Ent,Biomedical,NULL
P-CC,127,NULL,NULL,NULL,NULL,NULL,NULL,NULL,NULL,NULL,Ent,Biomedical,NULL
P-CC,128,NULL,NULL,NULL,NULL,NULL,NULL,NULL,NULL,NULL,Ent,Biomedical,NULL
P-CC,129,PR-151-GX,0463785,NULL,ICAP,NULL,NULL,NULL,NULL,NULL,Dispensary,Biomedical,NULL
P-CC,130,NULL,0-1011101,NULL,NULL,NULL,NULL,NULL,NULL,NULL,Dispensary,Biomedical,NULL
P-CC,131,NULL,500300123,NULL,NULL,NULL,NULL,NULL,NULL,NULL,Dispensary,Biomedical,NULL
P-CC,132,NULL,NULL,NULL,NULL,NULL,NULL,NULL,NULL,NULL,Mortuary,Biomedical,NULL
P-CC,133,Donfoce,8089500,NULL,NULL,NULL,NULL,NULL,NULL,NULL,Mortuary,Biomedical,NULL
P-CC,134,wm30e,8600848,NULL,NULL,NULL,NULL,NULL,NULL,NULL,Laundry,Biomedical,NULL
P-CC,135,30e,NULL,NULL,NULL,NULL,NULL,NULL,NULL,NULL,Laundry,Biomedical,NULL
P-CC,136,inm30e,8600948,NULL,NULL,NULL,NULL,NULL,NULL,NULL,Laundry,Biomedical,NULL
P-CC,137,30ce,TTCK638677wg,NULL,NULL,NULL,NULL,NULL,NULL,NULL,Laundry,Biomedical,NULL
P-CC,138,30ce,TTCK642134wh,NULL,NULL,NULL,NULL,NULL,NULL,NULL,Laundry,Biomedical,NULL
P-CC,139,hem89,8810/000674,NULL,NULL,NULL,NULL,NULL,NULL,NULL,Laundry,Biomedical,NULL
P-CC,140,NULL,NULL,NULL,NULL,NULL,NULL,NULL,NULL,NULL,Workshop,Biomedical,NULL
P-CC,141,NULL,NULL,NULL,NULL,NULL,NULL,NULL,NULL,NULL,Ritter,Biomedical,NULL
P-CC,142,NULL,420244,NULL,NULL,NULL,NULL,NULL,NULL,NULL,Laundry,Biomedical,NULL
P-CC,143,NULL,NULL,NULL,NULL,NULL,NULL,NULL,NULL,NULL,Laundry,Biomedical,NULL
P-CC,144,NULL,NULL,NULL,NULL,NULL,NULL,NULL,NULL,NULL,Workshop,Biomedical,NULL
P-CC,145,NULL,NULL,NULL,NULL,NULL,NULL,NULL,NULL,NULL,Laundry,Biomedical,NULL
P-CC,146,NULL,1872111090702,NULL,PHL,NULL,NULL,NULL,NULL,NULL,Maternity,Biomedical,NULL
P-CC,147,kogaku-kakai,304803,NULL,NULL,NULL,NULL,NULL,NULL,NULL,Laundry,Biomedical,NULL
P-CC,148,NULL,NULL,NULL,NULL,NULL,NULL,NULL,NULL,NULL,Physiotherapy,Biomedical,NULL
P-CC,149,NULL,NULL,NULL,NULL,NULL,NULL,NULL,NULL,NULL,"Treatment Room",Biomedical,NULL
P-CC,150,NULL,NULL,NULL,NULL,NULL,NULL,NULL,NULL,NULL,Physiotherapy,Biomedical,NULL
P-CC,151,NULL,NULL,NULL,NULL,NULL,NULL,NULL,NULL,NULL,Physiotherapy,Biomedical,NULL
P-CC,152,NULL,NULL,NULL,NULL,NULL,NULL,NULL,NULL,NULL,Physiotherapy,Biomedical,NULL
P-CC,153,NULL,NULL,NULL,NULL,NULL,NULL,NULL,NULL,NULL,"Physiotherapy ",Biomedical,NULL
P-CC,154,NULL,NULL,NULL,NULL,NULL,NULL,NULL,NULL,NULL,"Physiotherapy ",Biomedical,NULL
P-CC,155,megasonic-400,m4/98040,NULL,NULL,NULL,NULL,NULL,NULL,NULL,Physiotherapy,Biomedical,NULL
P-CC,156,hz-100,0136-2006,NULL,NULL,NULL,NULL,NULL,NULL,NULL,"Physiotherapy ",Biomedical,NULL
P-CC,157,DMA,01/97,NULL,Government,NULL,NULL,NULL,NULL,NULL,Physiotherapy,Biomedical,NULL
P-CC,158,NULL,NULL,NULL,NULL,NULL,NULL,NULL,NULL,NULL,Physiotherapy,Biomedical,NULL
P-CC,159,NULL,NULL,NULL,NULL,NULL,NULL,NULL,NULL,NULL,Physiotherapy,Biomedical,NULL
P-CC,160,NULL,1207,NULL,NULL,NULL,NULL,NULL,NULL,NULL,"Male General Ward",Biomedical,NULL
P-CC,161,NULL,NULL,NULL,NULL,NULL,NULL,NULL,NULL,NULL,"Male General Ward",Biomedical,NULL
P-CC,162,EKS,NULL,NULL,NULL,NULL,NULL,NULL,NULL,NULL,"Male Medical Ward",Biomedical,NULL
P-CC,163,NULL,NULL,NULL,NULL,NULL,NULL,NULL,NULL,NULL,"Male Medical Ward",Biomedical,NULL
P-CC,164,NULL,70313,NULL,NULL,NULL,NULL,NULL,NULL,NULL,"Male General Ward",Biomedical,NULL
P-CC,165,NULL,NULL,NULL,NULL,NULL,NULL,NULL,NULL,NULL,"Male General Ward",Biomedical,NULL
P-CC,166,NULL,NULL,NULL,NULL,NULL,NULL,NULL,NULL,NULL,"Male Surgical Ward",Biomedical,NULL
P-CC,167,NULL,NULL,NULL,NULL,NULL,NULL,NULL,NULL,NULL,"Male Medical Ward",Biomedical,NULL
P-CC,168,NULL,NULL,NULL,NULL,NULL,NULL,NULL,NULL,NULL,"Male Medical Ward",Biomedical,NULL
P-CC,169,NULL,NULL,NULL,NULL,NULL,NULL,NULL,NULL,NULL,"Male Medical Ward",Biomedical,NULL
P-CC,170,NULL,NULL,NULL,NULL,NULL,NULL,NULL,NULL,NULL,"Male Medical Ward",Biomedical,NULL
P-CC,171,NULL,NULL,NULL,NULL,NULL,NULL,NULL,NULL,NULL,"Male Surgical Ward",Biomedical,NULL
P-CC,172,NULL,NULL,NULL,NULL,NULL,NULL,NULL,NULL,NULL,"Male Surgical Ward",Biomedical,NULL
P-CC,173,NULL,NULL,NULL,NULL,NULL,NULL,NULL,NULL,NULL,"Male Surgical Ward",Biomedical,NULL
P-CC,174,NULL,NULL,NULL,NULL,NULL,NULL,NULL,NULL,NULL,"Male Surgical Ward",Biomedical,NULL
P-CC,175,NULL,NULL,NULL,NULL,NULL,NULL,NULL,NULL,NULL,"Male General Ward",Biomedical,NULL
P-CC,176,NULL,NULL,NULL,NULL,NULL,NULL,NULL,NULL,NULL,"Male General Ward",Biomedical,NULL
P-CC,177,NULL,NULL,NULL,NULL,NULL,NULL,NULL,NULL,NULL,"Male General Ward",Biomedical,NULL
P-CC,178,NULL,NULL,NULL,NULL,NULL,NULL,NULL,NULL,NULL,"Male Medical Ward",Biomedical,NULL
P-CC,179,NULL,NULL,NULL,NULL,NULL,NULL,NULL,NULL,NULL,"Male General Ward",Biomedical,NULL
P-CC,180,NULL,NULL,NULL,NULL,NULL,NULL,NULL,NULL,NULL,"Male General Ward",Biomedical,NULL
P-CC,181,NULL,NULL,NULL,NULL,NULL,NULL,NULL,NULL,NULL,"Male Medical Ward",Biomedical,NULL
P-CC,182,NULL,NULL,NULL,NULL,NULL,NULL,NULL,NULL,NULL,"Male General Ward",Biomedical,NULL
P-CC,183,NULL,NULL,NULL,NULL,NULL,NULL,NULL,NULL,NULL,"Male General Ward",Biomedical,NULL
P-CC,184,NULL,NULL,NULL,NULL,NULL,NULL,NULL,NULL,NULL,"Male Medical Ward",Biomedical,NULL
P-CC,185,NULL,NULL,NULL,NULL,NULL,NULL,NULL,NULL,NULL,"Male Medical Ward",Biomedical,NULL
P-CC,186,NULL,NULL,NULL,NULL,NULL,NULL,NULL,NULL,NULL,"Male General Ward",Biomedical,NULL
P-CC,187,NULL,NULL,NULL,NULL,NULL,NULL,NULL,NULL,NULL,"Male Medical Ward",Biomedical,NULL
P-CC,188,NULL,NULL,NULL,NULL,NULL,NULL,NULL,NULL,NULL,"Male General Ward",Biomedical,NULL
P-CC,189,NULL,NULL,NULL,NULL,NULL,NULL,NULL,NULL,NULL,"Male General Ward",Biomedical,NULL
P-CC,190,NULL,NULL,NULL,NULL,NULL,NULL,NULL,NULL,NULL,"Male General Ward",Biomedical,NULL
P-CC,191,NULL,NULL,NULL,NULL,NULL,NULL,NULL,NULL,NULL,"Male Medical Ward",Biomedical,NULL
P-CC,192,NULL,154-90,NULL,NULL,NULL,NULL,NULL,NULL,NULL,"Female General Ward",Biomedical,NULL
P-CC,193,NULL,NULL,NULL,NULL,NULL,NULL,NULL,NULL,NULL,"Female Surgical Ward",Biomedical,NULL
P-CC,194,NULL,NULL,NULL,NULL,NULL,NULL,NULL,NULL,NULL,"Female Surgical Ward",Biomedical,NULL
P-CC,195,NULL,NULL,NULL,NULL,NULL,NULL,NULL,NULL,NULL,"Female Surgical Ward",Biomedical,NULL
P-CC,196,NULL,NULL,NULL,NULL,NULL,NULL,NULL,NULL,NULL,"Female Surgical Ward",Biomedical,NULL
P-CC,197,NULL,NULL,NULL,NULL,NULL,NULL,NULL,NULL,NULL,"Female Surgical Ward",Biomedical,NULL
P-CC,198,NULL,NULL,NULL,NULL,NULL,NULL,NULL,NULL,NULL,"Female Surgical Ward",Biomedical,NULL
P-CC,199,NULL,CE-124,NULL,NULL,NULL,NULL,NULL,NULL,NULL,"Female Surgical Ward",Biomedical,NULL
P-CC,200,ZEC-ZR180DF,NULL,NULL,NULL,NULL,NULL,NULL,NULL,NULL,"Female General Ward",Biomedical,NULL
P-CC,201,NULL,NULL,NULL,NULL,NULL,NULL,NULL,NULL,NULL,"Female Surgical Ward",Biomedical,NULL
P-CC,202,NULL,NULL,NULL,NULL,NULL,NULL,NULL,NULL,NULL,"Male Surgical Ward",Biomedical,NULL
P-CC,203,NULL,NULL,NULL,NULL,NULL,NULL,NULL,NULL,NULL,"Female General Ward",Biomedical,NULL
P-CC,204,NULL,NULL,NULL,NULL,NULL,NULL,NULL,NULL,NULL,"Female General Ward",Biomedical,NULL
P-CC,205,NULL,NULL,NULL,NULL,NULL,NULL,NULL,NULL,NULL,"Female General Ward",Biomedical,NULL
P-CC,206,NULL,NULL,NULL,NULL,NULL,NULL,NULL,NULL,NULL,"Female General Ward",Biomedical,NULL
P-CC,207,NULL,NULL,NULL,NULL,NULL,NULL,NULL,NULL,NULL,"Female General Ward",Biomedical,NULL
P-CC,208,NULL,NULL,NULL,NULL,NULL,NULL,NULL,NULL,NULL,"Female General Ward",Biomedical,NULL
P-CC,209,NULL,NULL,NULL,NULL,NULL,NULL,NULL,NULL,NULL,"Female General Ward",Biomedical,NULL
P-CC,210,NULL,NULL,NULL,NULL,NULL,NULL,NULL,NULL,NULL,"Female General Ward",Biomedical,NULL
P-CC,211,NULL,NULL,NULL,NULL,NULL,NULL,NULL,NULL,NULL,"Female General Ward",Biomedical,NULL
P-CC,212,NULL,NULL,NULL,NULL,NULL,NULL,NULL,NULL,NULL,"Female Surgical Ward",Biomedical,NULL
P-CC,213,NULL,NULL,NULL,NULL,NULL,NULL,NULL,NULL,NULL,"Female General Ward",Biomedical,NULL
P-CC,214,NULL,NULL,NULL,NULL,NULL,NULL,NULL,NULL,NULL,"Female General Ward",Biomedical,NULL
P-CC,215,NULL,NULL,NULL,NULL,NULL,NULL,NULL,NULL,NULL,"Female General Ward",Biomedical,NULL
P-CC,216,NULL,NULL,NULL,NULL,NULL,NULL,NULL,NULL,NULL,"Female General Ward",Biomedical,NULL
P-CC,217,NULL,NULL,NULL,NULL,NULL,NULL,NULL,NULL,NULL,"Female General Ward",Biomedical,NULL
P-CC,218,NULL,NULL,NULL,NULL,NULL,NULL,NULL,NULL,NULL,"Female General Ward",Biomedical,NULL
P-CC,219,NULL,NULL,NULL,NULL,NULL,NULL,NULL,NULL,NULL,"Female General Ward",Biomedical,NULL
P-CC,220,NULL,NULL,NULL,NULL,NULL,NULL,NULL,NULL,NULL,"Female General Ward",Biomedical,NULL
P-CC,221,NULL,NULL,NULL,NULL,NULL,NULL,NULL,NULL,NULL,"Female General Ward",Biomedical,NULL
P-CC,222,NULL,NULL,NULL,NULL,NULL,NULL,NULL,NULL,NULL,"Female General Ward",Biomedical,NULL
P-CC,223,ES-107P2,90120522,NULL,AMS,NULL,NULL,NULL,NULL,NULL,Antenatal,Biomedical,NULL
P-CC,224,NULL,NULL,NULL,NULL,NULL,NULL,NULL,NULL,NULL,Antenatal,Biomedical,NULL
P-CC,225,NULL,NULL,NULL,NULL,NULL,NULL,NULL,NULL,NULL,Antenatal,Biomedical,NULL
P-CC,226,NULL,NULL,NULL,NULL,NULL,NULL,NULL,NULL,NULL,Antenatal,Biomedical,NULL
P-CC,227,NULL,NULL,NULL,NULL,NULL,NULL,NULL,NULL,NULL,Antenatal,Biomedical,NULL
P-CC,228,NULL,NULL,NULL,NULL,NULL,NULL,NULL,NULL,NULL,Antenatal,Biomedical,NULL
P-CC,229,NULL,NULL,NULL,NULL,NULL,NULL,NULL,NULL,NULL,Antenatal,Biomedical,NULL
P-CC,230,NULL,NULL,NULL,NULL,NULL,NULL,NULL,NULL,NULL,Antenatal,Biomedical,NULL
P-CC,231,NULL,NULL,NULL,NULL,NULL,NULL,NULL,NULL,NULL,Antenatal,Biomedical,NULL
P-CC,232,NULL,NULL,NULL,NULL,NULL,NULL,NULL,NULL,NULL,Antenatal,Biomedical,NULL
P-CC,233,NULL,NULL,NULL,NULL,NULL,NULL,NULL,NULL,NULL,Antenatal,Biomedical,NULL
P-CC,234,NULL,NULL,NULL,NULL,NULL,NULL,NULL,NULL,NULL,Antenatal,Biomedical,NULL
P-CC,235,NULL,NULL,NULL,NULL,NULL,NULL,NULL,NULL,NULL,Postnatal,Biomedical,NULL
P-CC,236,NULL,NULL,NULL,NULL,NULL,NULL,NULL,NULL,NULL,Postnatal,Biomedical,NULL
P-CC,237,NULL,NULL,NULL,NULL,NULL,NULL,NULL,NULL,NULL,Postnatal,Biomedical,NULL
P-CC,238,NULL,NULL,NULL,NULL,NULL,NULL,NULL,NULL,NULL,Postnatal,Biomedical,NULL
P-CC,239,NULL,NULL,NULL,NULL,NULL,NULL,NULL,NULL,NULL,Postnatal,Biomedical,NULL
P-CC,240,NULL,NULL,NULL,NULL,NULL,NULL,NULL,NULL,NULL,Postnatal,Biomedical,NULL
P-CC,241,NULL,NULL,NULL,NULL,NULL,NULL,NULL,NULL,NULL,Postnatal,Biomedical,NULL
P-CC,242,NULL,NULL,NULL,NULL,NULL,NULL,NULL,NULL,NULL,Postnatal,Biomedical,NULL
P-CC,243,NULL,NULL,NULL,NULL,NULL,NULL,NULL,NULL,NULL,Postnatal,Biomedical,NULL
P-CC,244,NULL,NULL,NULL,NULL,NULL,NULL,NULL,NULL,NULL,Postnatal,Biomedical,NULL
P-CC,245,CE,KY151499,NULL,IDC,NULL,NULL,NULL,NULL,NULL,Antenatal,Biomedical,NULL
P-CC,246,NULL,NULL,NULL,NULL,NULL,NULL,NULL,NULL,NULL,Physiotherapy,Biomedical,NULL
P-CC,247,NULL,NULL,NULL,NULL,NULL,NULL,NULL,NULL,NULL,"General Cot Ward",Biomedical,NULL
P-CC,248,NULL,NULL,NULL,Ivo,NULL,NULL,NULL,NULL,NULL,"General Cot Ward",Biomedical,NULL
P-CC,249,NULL,NULL,NULL,NULL,NULL,NULL,NULL,NULL,NULL,"General Cot Ward",Biomedical,NULL
P-CC,250,NULL,NULL,NULL,NULL,NULL,NULL,NULL,NULL,NULL,"General Cot Ward",Biomedical,NULL
P-CC,251,NULL,NULL,NULL,NULL,NULL,NULL,NULL,NULL,NULL,"General Cot Ward",Biomedical,NULL
P-CC,252,NULL,NULL,NULL,NULL,NULL,NULL,NULL,NULL,NULL,"General Cot Ward",Biomedical,NULL
P-CC,253,NULL,NULL,NULL,NULL,NULL,NULL,NULL,NULL,NULL,"General Cot Ward",Biomedical,NULL
P-CC,254,NULL,NULL,NULL,NULL,NULL,NULL,NULL,NULL,NULL,"General Cot Ward",Biomedical,NULL
P-CC,255,NULL,NULL,NULL,NULL,NULL,NULL,NULL,NULL,NULL,"General Cot Ward",Biomedical,NULL
P-CC,256,NULL,NULL,NULL,NULL,NULL,NULL,NULL,NULL,NULL,"General Cot Ward",Biomedical,NULL
P-CC,257,NULL,NULL,NULL,NULL,NULL,NULL,NULL,NULL,NULL,"General Cot Ward",Biomedical,NULL
P-CC,258,NULL,NULL,NULL,NULL,NULL,NULL,NULL,NULL,NULL,"General Cot Ward",Biomedical,NULL
P-CC,259,NULL,NULL,NULL,NULL,NULL,NULL,NULL,NULL,NULL,"General Cot Ward",Biomedical,NULL
P-CC,260,NULL,NULL,NULL,NULL,NULL,NULL,NULL,NULL,NULL,"General Cot Ward",Biomedical,NULL
P-CC,261,NULL,NULL,NULL,NULL,NULL,NULL,NULL,NULL,NULL,"General Cot Ward",Biomedical,NULL
P-CC,262,NULL,NULL,NULL,NULL,NULL,NULL,NULL,NULL,NULL,"General Cot Ward",Biomedical,NULL
P-CC,263,NULL,NULL,NULL,NULL,NULL,NULL,NULL,NULL,NULL,"General Cot Ward",Biomedical,NULL
P-CC,264,NULL,NULL,NULL,NULL,NULL,NULL,NULL,NULL,NULL,"General Cot Ward",Biomedical,NULL
P-CC,265,NULL,NULL,NULL,NULL,NULL,NULL,NULL,NULL,NULL,"General Cot Ward",Biomedical,NULL
P-CC,266,NULL,NULL,NULL,NULL,NULL,NULL,NULL,NULL,NULL,"General Cot Ward",Biomedical,NULL
P-CC,267,NULL,NULL,NULL,NULL,NULL,NULL,NULL,NULL,NULL,"General Cot Ward",Biomedical,NULL
P-CC,268,NULL,A3-214535,NULL,NULL,NULL,NULL,NULL,NULL,NULL,"General Cot Ward",Biomedical,NULL
P-CC,269,YP-90A,06070104016,2007,NULL,NULL,NULL,NULL,NULL,NULL,"General Cot Ward",Biomedical,NULL
P-CC,270,NULL,030045,NULL,NULL,NULL,NULL,NULL,NULL,NULL,"General Cot Ward",Biomedical,NULL
P-CC,271,NULL,FBW7GA0588,NULL,UNFPA,NULL,NULL,NULL,NULL,NULL,"General Cot Ward",Biomedical,NULL
P-CC,272,3341321008,5.3341E+12,NULL,NULL,NULL,NULL,NULL,NULL,NULL,"Cot Ward Icu",Biomedical,NULL
P-CC,273,475874,ceo459,NULL,NULL,NULL,NULL,NULL,NULL,NULL,"General Cot Ward",Biomedical,NULL
P-CC,274,NULL,NULL,NULL,NULL,NULL,NULL,NULL,NULL,NULL,"Psychiatric Ward",Biomedical,NULL
P-CC,275,NULL,NULL,NULL,NULL,NULL,NULL,NULL,NULL,NULL,"Psychiatric Ward",Biomedical,NULL
P-CC,276,6065,2543,2006,NULL,NULL,NULL,NULL,NULL,NULL,"Chief Governmental Chemical Department",Biomedical,NULL
P-CC,277,NULL,NULL,NULL,NULL,NULL,NULL,NULL,NULL,NULL,"Psychiatric Ward",Biomedical,NULL
P-CC,278,NULL,NULL,NULL,NULL,NULL,NULL,NULL,NULL,NULL,"Psychiatric Ward",Biomedical,NULL
P-CC,279,NULL,NULL,NULL,NULL,NULL,NULL,NULL,NULL,NULL,"Psychiatric Ward",Biomedical,NULL
P-CC,280,NULL,NULL,NULL,NULL,NULL,NULL,NULL,NULL,NULL,"Psychiatric Ward",Biomedical,NULL
P-CC,281,NULL,NULL,NULL,NULL,NULL,NULL,NULL,NULL,NULL,"General Cot Ward",Biomedical,NULL
P-CC,282,NULL,NULL,NULL,NULL,NULL,NULL,NULL,NULL,NULL,"TB Ward",Biomedical,NULL
P-CC,283,NULL,NULL,NULL,NULL,NULL,NULL,NULL,NULL,NULL,"TB Ward",Biomedical,NULL
P-CC,284,NULL,NULL,NULL,NULL,NULL,NULL,NULL,NULL,NULL,"TB Ward",Biomedical,NULL
P-CC,285,NULL,NULL,NULL,NULL,NULL,NULL,NULL,NULL,NULL,"TB Ward",Biomedical,NULL
P-CC,286,NULL,NULL,NULL,NULL,NULL,NULL,NULL,NULL,NULL,"TB Ward",Biomedical,NULL
P-CC,287,NULL,NULL,NULL,NULL,NULL,NULL,NULL,NULL,NULL,"TB Ward",Biomedical,NULL
P-CC,288,NULL,NULL,NULL,NULL,NULL,NULL,NULL,NULL,NULL,"TB Ward",Biomedical,NULL
P-CC,289,NULL,NULL,NULL,NULL,NULL,NULL,NULL,NULL,NULL,"TB Ward",Biomedical,NULL
P-CC,290,7R-180DF,NULL,NULL,NULL,NULL,NULL,NULL,NULL,NULL,"TB Ward",Biomedical,NULL
P-CC,291,NULL,3786,NULL,NULL,NULL,NULL,NULL,NULL,NULL,"Chief Governmental Chemical Department",Biomedical,NULL
P-CC,292,NULL,NULL,NULL,NULL,NULL,NULL,NULL,NULL,NULL,"Chief Governmental Chemical Department",Biomedical,NULL
P-CC,293,"thermo boy",b15031,NULL,NULL,NULL,NULL,NULL,NULL,NULL,"Chief Governmental Chemical Department",Biomedical,NULL
P-CC,294,ARF-175D,000429,NULL,Government,NULL,NULL,NULL,NULL,NULL,"Chief Governmental Chemical Department",Biomedical,NULL
P-CC,295,NULL,NULL,NULL,NULL,NULL,NULL,NULL,NULL,NULL,"Chief Governmental Chemical Department",Biomedical,NULL
P-CC,296,6506,2544,NULL,ADB,NULL,NULL,NULL,NULL,NULL,"Chief Governmental Chemical Department",Biomedical,NULL
P-CC,297,NULL,125-637,NULL,ADB,NULL,NULL,NULL,NULL,NULL,"Chief Governmental Chemical Department",Biomedical,NULL
P-CC,298,"CP 2245",114-02000687,2005,NULL,NULL,NULL,NULL,NULL,NULL,"Chief Governmental Chemical Department",Biomedical,NULL
P-CC,299,NULL,12738,NULL,NULL,NULL,NULL,NULL,NULL,NULL,"Main Store",Biomedical,NULL
P-CC,300,omega,NULL,NULL,NULL,NULL,NULL,NULL,NULL,NULL,"Main Store",Biomedical,NULL
P-CC,301,gallois,NULL,NULL,NULL,NULL,NULL,NULL,NULL,NULL,"Main Store",Biomedical,NULL
P-CC,302,gallois,NULL,NULL,NULL,NULL,NULL,NULL,NULL,NULL,"Main Store",Biomedical,NULL
P-CC,303,NULL,NULL,NULL,NULL,NULL,NULL,NULL,NULL,NULL,"Main Store",Biomedical,NULL
P-CC,304,NULL,NULL,NULL,NULL,NULL,NULL,NULL,NULL,NULL,"Main Store",Biomedical,NULL
P-CC,305,NULL,NULL,NULL,NULL,NULL,NULL,NULL,NULL,NULL,"Main Store",Biomedical,NULL
P-CC,306,NULL,NULL,NULL,NULL,NULL,NULL,NULL,NULL,NULL,"Main Store",Biomedical,NULL
P-CC,307,NULL,NULL,NULL,NULL,NULL,NULL,NULL,NULL,NULL,"Main Store",Biomedical,NULL
P-CC,308,NULL,NULL,NULL,NULL,NULL,NULL,NULL,NULL,NULL,"Main Store",Biomedical,NULL
P-CC,309,NULL,NULL,NULL,NULL,NULL,NULL,NULL,NULL,NULL,"Main Store",Biomedical,NULL
P-CC,310,NULL,NULL,NULL,NULL,NULL,NULL,NULL,NULL,NULL,"Main Store",Biomedical,NULL
P-CC,311,NULL,NULL,NULL,NULL,NULL,NULL,NULL,NULL,NULL,"Main Store",Biomedical,NULL
P-CC,312,NULL,NULL,NULL,NULL,NULL,NULL,NULL,NULL,NULL,"Main Store",Biomedical,NULL
P-CC,313,NULL,NULL,NULL,NULL,NULL,NULL,NULL,NULL,NULL,"Main Store",Biomedical,NULL
P-CC,314,NULL,NULL,NULL,NULL,NULL,NULL,NULL,NULL,NULL,"Main Store",Biomedical,NULL
P-CC,315,NULL,NULL,NULL,NULL,NULL,NULL,NULL,NULL,NULL,"Main Store",Biomedical,NULL
P-CC,316,NULL,NULL,NULL,NULL,NULL,NULL,NULL,NULL,NULL,"General Cot Ward",Biomedical,NULL
P-CC,317,NULL,NULL,NULL,NULL,NULL,NULL,NULL,NULL,NULL,"General Cot Ward",Biomedical,NULL
P-CC,318,NULL,NULL,NULL,NULL,NULL,NULL,NULL,NULL,NULL,"Chief Governmental Chemical Department",Biomedical,NULL
P-CC,319,"XHZ 090",NULL,NULL,NULL,NULL,NULL,NULL,NULL,NULL,"General Cot Ward",Biomedical,NULL
P-PHL,001,ULT2090/5/V31,523M/583515/TM,NULL,NULL,2002-01-01,NULL,NULL,NULL,NULL,"Media preparation",Biomedical,NULL
P-PHL,002,ULT2090/5/V31,523M/583516/TM,NULL,NULL,2002-01-01,NULL,NULL,NULL,NULL,"Media preparation",Biomedical,NULL
P-PHL,003,CF60,1132041367,NULL,NULL,2002-01-01,NULL,NULL,NULL,NULL,"Media preparation",Biomedical,NULL
P-PHL,004,FR/142,NULL,NULL,NULL,NULL,NULL,NULL,NULL,NULL,"Media preparation",Biomedical,NULL
P-PHL,005,NULL,NULL,NULL,NULL,NULL,NULL,NULL,NULL,NULL,"Media preparation",Biomedical,NULL
P-PHL,006,NULL,NULL,NULL,NULL,NULL,NULL,NULL,NULL,NULL,"Media preparation",Biomedical,NULL
P-PHL,007,WRTD20V4AWO,BA21203077,NULL,NULL,2003-01-01,NULL,NULL,NULL,NULL,Parasitology,Biomedical,NULL
P-PHL,008,"Microfuge 22R",MHD07A026,NULL,PHL,2008-01-01,NULL,NULL,NULL,NULL,Parasitology,Biomedical,NULL
P-PHL,009,Z400,48020020,NULL,NULL,2003-01-01,NULL,NULL,NULL,NULL,Parasitology,Biomedical,NULL
P-PHL,010,"Labofuge 400",40198069,NULL,PHL,2001-01-01,NULL,NULL,NULL,NULL,Parasitology,Biomedical,NULL
P-PHL,011,R/610AUK3K,2151200109,NULL,NULL,2007-01-01,NULL,NULL,NULL,NULL,Virology,Biomedical,NULL
P-PHL,012,CHD,NULL,NULL,MOH,NULL,NULL,NULL,NULL,NULL,Parasitology,Biomedical,NULL
P-PHL,013,CHD,957354,NULL,MOH,NULL,NULL,NULL,NULL,NULL,Parasitology,Biomedical,NULL
P-PHL,014,CHD,6MO337,NULL,MOH,NULL,NULL,NULL,NULL,NULL,Parasitology,Biomedical,NULL
P-PHL,015,"RFT S8",222330,NULL,PHL,NULL,NULL,NULL,NULL,NULL,Parasitology,Biomedical,NULL
P-PHL,016,308002,2381001986,NULL,PHL,NULL,NULL,NULL,NULL,NULL,Parasitology,Biomedical,NULL
P-PHL,017,"T 340 150",6901699,NULL,PHL,NULL,NULL,NULL,NULL,NULL,Parasitology,Biomedical,NULL
P-PHL,018,CX41RF,OM00283,NULL,WHO,2011-01-01,NULL,NULL,NULL,NULL,Parasitology,Biomedical,NULL
P-PHL,019,"Ika Werk",46489,NULL,NULL,NULL,NULL,NULL,NULL,NULL,Parasitology,Biomedical,NULL
P-PHL,020,CH/20,3D12355,NULL,NULL,2004-01-01,NULL,NULL,NULL,NULL,Parasitology,Biomedical,NULL
P-PHL,021,CH/20,3D12374,NULL,NULL,2004-01-01,NULL,NULL,NULL,NULL,Parasitology,Biomedical,NULL
P-PHL,022,CH/20,3D12401,NULL,NULL,2004-01-01,NULL,NULL,NULL,NULL,Parasitology,Biomedical,NULL
P-PHL,023,CH/20,3D12400,NULL,NULL,2004-01-01,NULL,NULL,NULL,NULL,Parasitology,Biomedical,NULL
P-PHL,024,S2/ST,J72312,NULL,NULL,2003-01-01,NULL,NULL,NULL,NULL,Parasitology,Biomedical,NULL
P-PHL,025,TMS,310600,NULL,NULL,2003-01-01,NULL,NULL,NULL,NULL,Parasitology,Biomedical,NULL
P-PHL,026,"Eclipse 6200",841746,NULL,NULL,NULL,NULL,NULL,NULL,NULL,Parasitology,Biomedical,NULL
P-PHL,027,"FlexScan SX2262W",30539041B,NULL,WHO,2011-01-01,2012-01-01,NULL,NULL,NULL,Parasitology,Biomedical,NULL
P-PHL,028,DP21/CB,0122500A4,NULL,WHO,2011-01-01,NULL,NULL,NULL,NULL,Parasitology,Biomedical,NULL
P-PHL,029,TM/A17OG,7904143,2004,NULL,NULL,NULL,NULL,NULL,NULL,Parasitology,Biomedical,NULL
P-PHL,030,"1040 series",98052218,1998,PHL,NULL,NULL,NULL,NULL,NULL,Parasitology,Biomedical,NULL
P-PHL,031,"Microflow 2",20020820761,NULL,NULL,2003-01-01,NULL,NULL,NULL,NULL,"Washing and Sterilization",Biomedical,NULL
P-PHL,032,NULL,DAS7300,NULL,NULL,NULL,NULL,NULL,NULL,NULL,"Washing and Sterilization",Biomedical,NULL
P-PHL,033,IBP,85,NULL,NULL,2011-01-01,NULL,NULL,NULL,NULL,"Washing and Sterilization",Biomedical,NULL
P-PHL,034,NULL,252.2004V,NULL,NULL,2005-01-01,NULL,NULL,NULL,NULL,"Washing and Sterilization",Biomedical,NULL
P-PHL,035,NULL,95.2004,NULL,NULL,2005-01-01,NULL,NULL,NULL,NULL,"Washing and Sterilization",Biomedical,NULL
P-PHL,036,A74410,B030044,NULL,NULL,NULL,NULL,NULL,NULL,NULL,"Washing and Sterilization",Biomedical,NULL
P-PHL,037,NULL,Z6478,2003,PHL,NULL,NULL,NULL,NULL,NULL,"Washing and Sterilization",Biomedical,NULL
P-PHL,038,000055C,75X,NULL,NULL,NULL,NULL,NULL,NULL,NULL,"Washing and Sterilization",Biomedical,NULL
P-PHL,039,2204,10153909B,NULL,NULL,NULL,NULL,NULL,NULL,NULL,"Washing and Sterilization",Biomedical,NULL
P-PHL,040,"Ika Werk",NULL,NULL,NULL,NULL,NULL,NULL,NULL,NULL,"Washing and Sterilization",Biomedical,NULL
P-PHL,041,"Automatic Mixer",B568301,NULL,NULL,NULL,NULL,NULL,NULL,NULL,"Washing and Sterilization",Biomedical,NULL
P-PHL,042,"MICROS 60CT",709CT84168,NULL,"Rotary Club",2009-01-01,NULL,NULL,NULL,NULL,"Washing and Sterilization",Biomedical,NULL
P-PHL,043,GD100,HR0701002,NULL,NULL,2008-01-01,NULL,NULL,NULL,NULL,"Washing and Sterilization",Biomedical,NULL
P-PHL,044,NULL,3812004,NULL,NULL,2005-01-01,NULL,NULL,NULL,NULL,"Washing and Sterilization",Biomedical,NULL
P-PHL,045,"Feflotron Plus",5069851,NULL,"Rotary club",2009-01-01,NULL,NULL,NULL,NULL,"Washing and Sterilization",Biomedical,NULL
P-PHL,046,"Autoclavi Spa",97/300781/FV,1997,NULL,2000-01-01,NULL,NULL,NULL,NULL,"Washing and Sterilization",Biomedical,NULL
P-PHL,047,mrx,1CXD/5526,NULL,PHL,2002-01-01,NULL,NULL,NULL,NULL,Bacteriology,Biomedical,NULL
P-PHL,048,R/220UK1,2220200024,NULL,NULL,NULL,NULL,NULL,NULL,NULL,Bacteriology,Biomedical,NULL
P-PHL,049,NULL,NULL,NULL,PHL,2002-01-01,NULL,NULL,NULL,NULL,Bacteriology,Biomedical,NULL
P-PHL,050,NULL,90108877,NULL,NULL,NULL,NULL,NULL,NULL,NULL,Bacteriology,Biomedical,NULL
P-PHL,051,"U535 INNOVA",NULL,NULL,NULL,NULL,NULL,NULL,NULL,"SLS Swiss Lab",Bacteriology,Biomedical,NULL
P-PHL,052,MCO/17AIC,20303009,NULL,PHL,2002-01-01,NULL,NULL,NULL,"SLS Swiss Lab",Bacteriology,Biomedical,NULL
P-PHL,053,"Bacter 9050",NB7192,NULL,IVO,2010-01-01,NULL,NULL,NULL,"BD ",Bacteriology,Biomedical,NULL
P-PHL,054,"Bacter 9050",NB6554,NULL,IVO,2008-01-01,NULL,NULL,NULL,"BD ",Bacteriology,Biomedical,NULL
P-PHL,055,"Jupiter 4",D05L19N6456,NULL,PHL,2007-01-01,NULL,NULL,NULL,"SLS Swiss Lab",Bacteriology,Biomedical,NULL
P-PHL,056,1013,1029087,NULL,PHL,NULL,NULL,NULL,NULL,NULL,Bacteriology,Biomedical,NULL
P-PHL,057,PG203/5,1119172566,NULL,PHL,2009-01-01,NULL,NULL,NULL,NULL,Bacteriology,Biomedical,NULL
P-PHL,058,WP6122050,100400002442,NULL,PHL,2005-01-01,NULL,NULL,NULL,NULL,Bacteriology,Biomedical,NULL
P-PHL,059,CYFLOW,071041220,NULL,"Rotary Club",2009-01-01,NULL,NULL,NULL,NULL,Bacteriology,Biomedical,NULL
P-PHL,060,CXAO,NULL,NULL,PHL,2000-01-01,NULL,NULL,NULL,NULL,Bacteriology,Biomedical,NULL
P-PHL,061,"PH 211",NULL,NULL,PHL,2002-01-01,NULL,NULL,NULL,NULL,Bacteriology,Biomedical,NULL
P-PHL,062,A625/1,04020643,NULL,PHL,2002-01-01,NULL,NULL,NULL,NULL,Bacteriology,Biomedical,NULL
P-PHL,063,"Twin Z",078817,NULL,"Natural History Museum",2005-07-03,NULL,NULL,NULL,NULL,Bacteriology,Biomedical,NULL
P-PHL,064,"Vortex Genie 2",NULL,NULL,NULL,NULL,NULL,NULL,NULL,NULL,Bacteriology,Biomedical,NULL
P-PHL,065,NULL,39587/U1A,NULL,NULL,NULL,NULL,NULL,NULL,NULL,"Washing and Sterilization",Biomedical,NULL
P-PHL,066,NULL,NULL,NULL,PHL,2005-01-01,NULL,NULL,NULL,NULL,Bacteriology,Biomedical,NULL
P-PHL,067,NR/B651B,992098005024,NULL,"Johns Hopkins University",2011-01-01,NULL,NULL,NULL,NULL,"BMGF CHXL ",Biomedical,NULL
P-PHL,068,Previ,29551111905,NULL,"Johns Hopkins University",2012-01-01,NULL,NULL,NULL,NULL,"BMGF CHXL ",Biomedical,NULL
P-PHL,069,"VITEK 2 Compact",VK2C9/156,NULL,"Johns Hopkins University",2011-01-01,NULL,NULL,NULL,NULL,"BMGF CHXL ",Biomedical,NULL
P-PHL,070,"VITEK 2 Compact",VK2C1D445,NULL,"Johns Hopkins University",2012-01-01,NULL,NULL,NULL,NULL,"BMGF CHXL ",Biomedical,NULL
P-PHL,071,"APS One",12144422,NULL,"Johns Hopkins University",2012-01-01,NULL,NULL,NULL,NULL,"BMGF CHXL ",Biomedical,NULL
P-PHL,072,"Masterclave 09",13546537,NULL,"Johns Hopkins University",2012-01-01,NULL,NULL,NULL,NULL,"BMGF CHXL ",Biomedical,NULL
P-PHL,073,"ECB 1.1 Digital",60203003,NULL,PHL,2004-01-01,NULL,NULL,NULL,NULL,"BMGF CHXL ",Biomedical,NULL
P-PHL,074,"Thermomix BM/E",10016231,NULL,PHL,2001-01-01,NULL,NULL,NULL,NULL,"BMGF CHXL ",Biomedical,NULL
P-PHL,075,CX/Bi,NULL,NULL,"Johns Hopkins University",2011-01-01,NULL,NULL,NULL,NULL,"BMGF CHXL ",Biomedical,NULL
P-PHL,076,CX/Bi,NULL,NULL,"Johns Hopkins University",2011-01-01,NULL,NULL,NULL,NULL,"BMGF CHXL ",Biomedical,NULL
P-PHL,077,KX/21,A6622,NULL,"Johns Hopkins University",2003-01-01,NULL,NULL,NULL,NULL,"BMGF CHXL ",Biomedical,NULL
P-PHL,078,"Sunrise Remote",03930003073,NULL,"University of Milan",2001-01-01,NULL,NULL,NULL,NULL,"BMGF CHXL ",Biomedical,NULL
P-PHL,079,"Columbus Plus",6011297,NULL,"University of Milan",2001-01-01,NULL,NULL,NULL,NULL,"BMGF CHXL ",Biomedical,NULL
P-PHL,080,EC3,14090003,NULL,"Italian Corporation",2011-01-01,NULL,NULL,NULL,NULL,Virology,Biomedical,NULL
P-PHL,081,"MyCycler Thermal Cycler",580BR5423,NULL,"Italian Corporation",2007-01-01,NULL,NULL,NULL,NULL,Virology,Biomedical,NULL
P-PHL,082,"DyNa Light",97/0105/06,NULL,"Italian Corporation",2007-01-01,NULL,NULL,NULL,NULL,Virology,Biomedical,NULL
P-PHL,083,"MSH 300",740606110,NULL,"Italian Corporation",2007-01-01,NULL,NULL,NULL,NULL,Virology,Biomedical,NULL
P-PHL,084,"PowerPac Basic",041BR44549,NULL,"Italian Corporation",2007-01-01,NULL,NULL,NULL,NULL,Virology,Biomedical,NULL
P-PHL,085,NR/B651B,992098803107,NULL,IVO,2009-01-01,NULL,NULL,NULL,NULL,Bacteriology,Biomedical,NULL
P-PHL,086,"Rotina 35R",00027540500,NULL,PHL,2002-01-01,NULL,NULL,NULL,NULL,Virology,Biomedical,NULL
P-PHL,087,"Thermomixer Compact",535027931,NULL,"Italian Corporation",2007-01-01,NULL,NULL,NULL,Merck,Virology,Biomedical,NULL
P-PHL,088,"SBH 130D",R000101231,NULL,"Italian Corporation",2007-01-01,NULL,NULL,NULL,Biocote,Virology,Biomedical,NULL
P-PHL,089,NULL,NULL,NULL,"Italian Corporation",2007-01-01,NULL,NULL,NULL,NULL,Virology,Biomedical,NULL
P-PHL,090,"Centrifuge 5430",5427ZK112124,NULL,"Italian Corporation",2011-01-01,NULL,NULL,NULL,NULL,Virology,Biomedical,NULL
P-PHL,091,"Centrifuge 5415D",542546125,NULL,"Italian Corporation",2007-01-01,NULL,NULL,NULL,NULL,Virology,Biomedical,NULL
P-PHL,092,261,050000107261,NULL,"Italian Corporation",2007-01-01,NULL,NULL,NULL,NULL,Virology,Biomedical,NULL
P-PHL,093,HMS/1024,NULL,NULL,"Italian Corporation",2007-01-01,NULL,NULL,NULL,NULL,Virology,Biomedical,NULL
P-PHL,094,Bio2+,BS57261992,NULL,PHL,2002-01-01,NULL,NULL,NULL,NULL,Virology,Biomedical,NULL
P-PHL,095,R/2320AUK7K,2170100258,NULL,"Italian Corporation",2007-01-01,NULL,NULL,NULL,NULL,Virology,Biomedical,NULL
P-PHL,096,100/800,NULL,NULL,"World Bank",2008-01-01,NULL,NULL,NULL,NULL,Virology,Biomedical,NULL
P-PHL,097,2204,10125302,NULL,PHL,2004-01-01,NULL,NULL,NULL,NULL,Store,Biomedical,NULL
P-PHL,098,DU520,0303U2001960,NULL,NULL,NULL,NULL,NULL,NULL,NULL,Store,Biomedical,NULL
P-PHL,099,L6,26936,NULL,PHL,2004-01-01,NULL,NULL,NULL,NULL,Store,Biomedical,NULL
P-PHL,100,707,NULL,NULL,PHL,2004-01-01,NULL,NULL,NULL,NULL,Store,Biomedical,NULL
P-PHL,101,TMS,214275,NULL,PHL,2003-01-01,NULL,NULL,NULL,NULL,Store,Biomedical,NULL
P-PHL,102,CHD,6K0629,NULL,PHL,2000-01-01,NULL,NULL,NULL,NULL,Store,Biomedical,NULL
P-PHL,103,CHD,6MD517,NULL,PHL,2000-01-01,NULL,NULL,NULL,NULL,Store,Biomedical,NULL
P-PHL,104,NULL,869972,NULL,PHL,2000-01-01,NULL,NULL,NULL,NULL,Store,Biomedical,NULL
P-PHL,105,NULL,61779,NULL,NULL,NULL,NULL,NULL,NULL,NULL,Store,Biomedical,NULL
P-PHL,106,NULL,61496,NULL,NULL,NULL,NULL,NULL,NULL,NULL,Store,Biomedical,NULL
P-PHL,107,FM109510/33,1095020428394,NULL,NULL,NULL,NULL,NULL,NULL,NULL,Store,Biomedical,NULL
P-PHL,108,NULL,NULL,NULL,PHL,2002-01-01,NULL,NULL,NULL,NULL,Bacteriology,Biomedical,NULL
P-PHL,109,B/Hemoglobin,305003076,NULL,PHL,NULL,NULL,NULL,NULL,NULL,Store,Biomedical,NULL
P-PHL,110,B/Hemoglobin,9943003063,NULL,PHL,2002-01-01,NULL,NULL,NULL,NULL,Store,Biomedical,NULL
P-PHL,111,B/Hemoglobin,312072,NULL,PHL,2002-01-01,NULL,NULL,NULL,NULL,Store,Biomedical,NULL
P-PHL,112,B/Hemoglobin,9337011331,NULL,PHL,2002-01-01,NULL,NULL,NULL,NULL,Store,Biomedical,NULL
P-PHL,113,B/Hemoglobin,233003132,NULL,PHL,2002-01-01,NULL,NULL,NULL,NULL,Store,Biomedical,NULL
P-PHL,114,B/Hemoglobin,9803002170,NULL,PHL,2002-01-01,NULL,NULL,NULL,NULL,Store,Biomedical,NULL
P-PHL,115,B/Hemoglobin,305003102,NULL,PHL,2002-01-01,NULL,NULL,NULL,NULL,Store,Biomedical,NULL
P-PHL,116,B/Hemoglobin,9943003064,NULL,PHL,2002-01-01,NULL,NULL,NULL,NULL,Store,Biomedical,NULL
P-PHL,117,B/Hemoglobin,41003208,NULL,PHL,2002-01-01,NULL,NULL,NULL,NULL,Store,Biomedical,NULL
P-PHL,118,B/Hemoglobin,305003104,NULL,PHL,2002-01-01,NULL,NULL,NULL,NULL,Store,Biomedical,NULL
P-PHL,119,B/Hemoglobin,9943003049,NULL,PHL,2002-01-01,NULL,NULL,NULL,NULL,Store,Biomedical,NULL
P-PHL,120,B/Hemoglobin,233003127,NULL,PHL,2002-01-01,NULL,NULL,NULL,NULL,Store,Biomedical,NULL
P-PHL,121,B/Hemoglobin,9943003048,NULL,PHL,2002-01-01,NULL,NULL,NULL,NULL,Store,Biomedical,NULL
P-PHL,122,B/Hemoglobin,242003048,NULL,PHL,2002-01-01,NULL,NULL,NULL,NULL,Store,Biomedical,NULL
P-PHL,123,B/Hemoglobin,233003135,NULL,PHL,2002-01-01,NULL,NULL,NULL,NULL,Store,Biomedical,NULL
P-PHL,124,B/Hemoglobin,9943003062,NULL,PHL,2002-01-01,NULL,NULL,NULL,NULL,Store,Biomedical,NULL
P-PHL,125,B/Hemoglobin,9943003043,NULL,PHL,2002-01-01,NULL,NULL,NULL,NULL,Store,Biomedical,NULL
P-PHL,126,B/Hemoglobin,242003046,NULL,PHL,2002-01-01,NULL,NULL,NULL,NULL,Store,Biomedical,NULL
P-PHL,127,B/Hemoglobin,233003131,NULL,PHL,2002-01-01,NULL,NULL,NULL,NULL,Store,Biomedical,NULL
P-PHL,128,B/Hemoglobin,242003049,NULL,PHL,2002-01-01,NULL,NULL,NULL,NULL,Store,Biomedical,NULL
P-PHL,129,B/Hemoglobin,414012217,NULL,PHL,2002-01-01,NULL,NULL,NULL,NULL,Store,Biomedical,NULL
P-PHL,130,"Glucose 201+",735142875,NULL,PHL,2002-01-01,NULL,NULL,NULL,NULL,Store,Biomedical,NULL
P-PHL,131,"Glucose 201+",735142868,NULL,PHL,2002-01-01,NULL,NULL,NULL,NULL,Store,Biomedical,NULL
P-PHL,132,"Hb 201+",421012044,NULL,PHL,NULL,NULL,NULL,NULL,NULL,Store,Biomedical,NULL
P-PHL,133,"Hb 201+",NULL,NULL,NULL,NULL,NULL,NULL,NULL,NULL,Store,Biomedical,NULL
P-PHL,134,"180 Plus",0300KK,NULL,PHL,2010-01-01,NULL,NULL,NULL,NULL,Store,Biomedical,NULL
U-MM,001,NULL,NULL,NULL,NULL,1983-01-01,NULL,NULL,NULL,NULL,"Blood Storage room",Biomedical,NULL
U-MM,002,Fiocchetti,NULL,NULL,NULL,NULL,NULL,NULL,NULL,NULL,"Blood Storage room",Biomedical,NULL
U-MM,003,"180 Series Water Bath",208837-29,NULL,ICAP,NULL,NULL,NULL,NULL,Sanas,"Blood Transfusion Lab",Biomedical,NULL
U-MM,004,AX-CNO,008,2004,MOH,NULL,NULL,NULL,NULL,NULL,"Blood Transfusion Lab",Biomedical,NULL
U-MM,005,CX21FSI,8B11527,NULL,ICAP,NULL,NULL,NULL,NULL,NULL,"Processing Room",Biomedical,NULL
U-MM,006,NULL,NULL,NULL,MOH,NULL,NULL,NULL,NULL,NULL,"Processing Room",Biomedical,NULL
U-MM,007,"HB 201+",1012013254,NULL,NULL,NULL,NULL,NULL,NULL,NULL,"Blood Transfusion Lab",Biomedical,NULL
U-MM,008,NULL,NULL,NULL,NULL,NULL,NULL,NULL,NULL,NULL,Microbiology,Biomedical,NULL
U-MM,009,NULL,NULL,NULL,NULL,NULL,NULL,NULL,NULL,NULL,Microbiology,Biomedical,NULL
U-MM,010,"Rotofix 32",003416702-00,2006,ICAP,NULL,NULL,NULL,NULL,NULL,Microbiology,Biomedical,NULL
U-MM,011,R75,NULL,NULL,NULL,2009-01-01,NULL,NULL,NULL,NULL,Microbiology,Biomedical,NULL
U-MM,012,CX21FSI,4A01209,NULL,NULL,2007-01-01,NULL,NULL,NULL,NULL,Microbiology,Biomedical,NULL
U-MM,013,"MN 120",02-0500,2009,ICAP,2009-01-01,NULL,NULL,NULL,NULL,Microbiology,Biomedical,NULL
U-MM,014,Heraeus,NULL,NULL,ICAP,2009-01-01,NULL,NULL,NULL,Sanas,Microbiology,Biomedical,NULL
U-MM,015,"Heraeus B6200",51015772,NULL,NULL,NULL,NULL,NULL,NULL,Sanas,Microbiology,Biomedical,NULL
U-MM,016,"Primo Star",3133000136,NULL,USAID,2009-01-01,NULL,NULL,NULL,NULL,Microbiology,Biomedical,NULL
U-MM,017,NULL,NULL,NULL,ADB,2007-01-01,NULL,NULL,NULL,NULL,"TB Lab",Biomedical,NULL
U-MM,018,"180 Series Water Bath",208837-28,2009,ICAP,NULL,NULL,NULL,NULL,"Sanas, ICAP","TB Lab",Biomedical,NULL
U-MM,019,FN500,920458,NULL,ICAP,2010-01-01,NULL,NULL,NULL,ICAP,"TB Lab",Biomedical,NULL
U-MM,020,F20500060,116724,NULL,NULL,2010-01-01,NULL,NULL,NULL,NULL,"TB Lab",Biomedical,NULL
U-MM,021,"Harvard Trip Balance",NULL,NULL,NULL,NULL,NULL,NULL,NULL,Sanas,"TB Lab",Biomedical,NULL
U-MM,022,"Orion 3 Star pH Bench Top",B19453,NULL,NULL,2010-01-01,NULL,NULL,NULL,NULL,"TB Lab",Biomedical,NULL
U-MM,023,"EC-Type T7037",WB07COO64,NULL,NULL,2010-01-01,NULL,NULL,NULL,Sanas,"TB Lab",Biomedical,NULL
U-MM,024,NULL,NULL,1984,NULL,NULL,NULL,NULL,NULL,NULL,"TB Lab",Biomedical,NULL
U-MM,025,"FACS Count",D291200183,NULL,ICAP,2005-01-01,NULL,NULL,NULL,NULL,"Haematology Lab",Biomedical,NULL
U-MM,026,"BX S1",9H06207,NULL,ICAP,2009-01-01,NULL,NULL,NULL,NULL,"Haematology Lab",Biomedical,NULL
U-MM,027,LX-300+II,989Y39911,NULL,ICAP,2010-01-01,NULL,NULL,NULL,NULL,"Haematology Lab",Biomedical,NULL
U-MM,028,NULL,CD007DS,NULL,ICAP,2009-01-01,NULL,NULL,NULL,NULL,"Haematology Lab",Biomedical,NULL
U-MM,029,"Cell-Dyn 3700",CD3700CS,NULL,ICAP,2009-01-01,NULL,NULL,NULL,NULL,"Haematology Lab",Biomedical,NULL
U-MM,030,NULL,NULL,NULL,NULL,NULL,NULL,NULL,NULL,NULL,"Haematology Lab",Biomedical,NULL
U-MM,031,NULL,NULL,NULL,ICAP,NULL,NULL,NULL,NULL,NULL,"Haematology Lab",Biomedical,NULL
U-MM,032,"Pentra XL80",20466AN,NULL,ICAP,2005-01-01,NULL,NULL,NULL,NULL,"Haematology Lab",Biomedical,NULL
U-MM,033,"Tissue Water Bath",51260,NULL,ICAP,NULL,NULL,NULL,NULL,NULL,Histopathology,Biomedical,NULL
U-MM,034,AE-600,3921,NULL,ICAP,NULL,NULL,NULL,NULL,NULL,Histopathology,Biomedical,NULL
U-MM,035,NULL,1010SMF004,NULL,ADB,NULL,NULL,NULL,NULL,NULL,Histopathology,Biomedical,NULL
U-MM,036,KD-BM,8401,NULL,NULL,NULL,NULL,NULL,NULL,NULL,Histopathology,Biomedical,NULL
U-MM,037,KD-T,5222,2010,MOH,NULL,NULL,NULL,NULL,NULL,Histopathology,Biomedical,NULL
U-MM,038,1040-STP-003,NULL,NULL,MOH,NULL,NULL,NULL,NULL,NULL,Histopathology,Biomedical,NULL
U-MM,039,CX21FSI,8C02282,NULL,ICAP,NULL,NULL,NULL,NULL,NULL,Histopathology,Biomedical,NULL
U-MM,040,BX51,9B06599,NULL,ICAP,NULL,NULL,NULL,NULL,NULL,Histopathology,Biomedical,NULL
U-MM,041,NULL,NULL,NULL,NULL,NULL,NULL,NULL,NULL,NULL,Histopathology,Biomedical,NULL
U-MM,042,ECTR,NULL,NULL,ICAP,NULL,NULL,NULL,NULL,NULL,Histopathology,Biomedical,NULL
U-MM,043,ECTR,NULL,NULL,ICAP,NULL,NULL,NULL,NULL,NULL,Histopathology,Biomedical,NULL
U-MM,044,AX-75L,2322,2009,ICAP,NULL,NULL,NULL,NULL,NULL,Washing,Biomedical,NULL
U-MM,045,AX-75L,2323,2009,NULL,2010-01-01,NULL,NULL,NULL,NULL,Washing,Biomedical,NULL
U-MM,046,NULL,NULL,NULL,NULL,NULL,NULL,NULL,NULL,NULL,Washing,Biomedical,NULL
U-MM,047,NULL,NULL,NULL,NULL,NULL,NULL,NULL,NULL,NULL,Washing,Biomedical,NULL
U-MM,048,MN,NULL,2009,ICAP,NULL,NULL,NULL,NULL,"Kas Medics","Main Corridor",Biomedical,NULL
U-MM,049,"super arctic 7002t",NULL,2009,ICAP,2009-01-01,NULL,NULL,NULL,NULL,Store,Biomedical,NULL
U-MM,050,"super arctic 7002t",NULL,2009,ICAP,2009-01-01,NULL,NULL,NULL,NULL,Store,Biomedical,NULL
U-MM,051,Fully,80168,NULL,ICAP,NULL,NULL,NULL,NULL,NULL,Store,Biomedical,NULL
U-MM,052,RXL-5B,22715,NULL,UNFPA,NULL,NULL,NULL,NULL,NULL,Store,Biomedical,NULL
U-MM,053,"C854/6 9/07",IALC-2369,NULL,NULL,NULL,NULL,NULL,NULL,NULL,Store,Biomedical,NULL
U-MM,054,"RHP-CI Hot Plate",NULL,NULL,NULL,NULL,NULL,NULL,NULL,NULL,Store,Biomedical,NULL
U-MM,055,AX-9602,09070175,2009,NULL,2010-01-01,NULL,NULL,NULL,NULL,Store,Biomedical,NULL
U-MM,056,BTS-100,0810010719,NULL,NULL,NULL,NULL,NULL,NULL,NULL,Store,Biomedical,NULL
U-MM,057,BTS-100,810020174,NULL,"Japan Official Development Assistance",NULL,NULL,NULL,NULL,NULL,Store,Biomedical,NULL
U-MM,058,AX-9602,09070136,NULL,NULL,NULL,NULL,NULL,NULL,NULL,Store,Biomedical,NULL
U-MM,059,AX-9602,09070174,2009,NULL,2010-01-01,NULL,NULL,NULL,NULL,Store,Biomedical,NULL
U-MM,060,TRSP,NULL,NULL,ICAP,NULL,NULL,NULL,NULL,NULL,Store,Biomedical,NULL
U-MM,061,AX-9602,090710137,NULL,NULL,NULL,NULL,NULL,NULL,NULL,Store,Biomedical,NULL
U-MM,062,Arec-X,116718,NULL,NULL,NULL,NULL,NULL,NULL,NULL,Store,Biomedical,NULL
U-MM,063,"Axiom 9602",09070134,NULL,CDC,NULL,NULL,NULL,NULL,NULL,Store,Biomedical,NULL
U-MM,064,R75,STO5,NULL,MOH,NULL,NULL,NULL,NULL,NULL,Store,Biomedical,NULL
U-MM,065,"ABT 320-4M",WB07C0067,NULL,CDC,2010-01-01,NULL,NULL,NULL,NULL,Store,Biomedical,NULL
U-MM,066,"HB 201+",NULL,NULL,ICAP,NULL,NULL,NULL,NULL,NULL,Store,Biomedical,NULL
U-MM,067,"CS 5000",NULL,NULL,CDC,NULL,NULL,NULL,NULL,NULL,Store,Biomedical,NULL
U-MM,068,Vibromix,70918156,NULL,CDC,NULL,NULL,NULL,NULL,NULL,Store,Biomedical,NULL
U-MM,069,AX-12B,5,NULL,CDC,NULL,NULL,NULL,NULL,NULL,Store,Biomedical,NULL
U-MM,070,"Orion 3 Star pH Bench Top",B18976,NULL,CDC,2010-01-01,NULL,NULL,NULL,NULL,Store,Biomedical,NULL
U-MM,071,Humaclot-Duo,1127,NULL,ADB,NULL,NULL,NULL,NULL,NULL,Store,Biomedical,NULL
U-MM,072,Humaclot-Duo,1126,NULL,ADB,NULL,NULL,NULL,NULL,NULL,Store,Biomedical,NULL
U-MM,073,"Rotofix 32",0039164-02-00,2006,NULL,2007-01-01,NULL,NULL,NULL,NULL,Store,Biomedical,NULL
U-MM,074,ED115,08-47930,NULL,NULL,NULL,NULL,NULL,NULL,NULL,"Clinical Chemistry",Biomedical,NULL
U-MM,075,"Siar Fax 4700",4700-1059,NULL,NULL,NULL,NULL,NULL,NULL,NULL,"Clinical Chemistry",Biomedical,NULL
U-MM,076,BTS-305,801550268,NULL,ICAP,NULL,NULL,NULL,NULL,NULL,"Clinical Chemistry",Biomedical,NULL
U-MM,077,"Biolyte 2000",700174,NULL,NULL,2010-01-01,NULL,NULL,NULL,NULL,"Clinical Chemistry",Biomedical,NULL
U-MM,078,"Well Washer 4 MK2",006-9-9166,NULL,CDC,2009-01-01,NULL,NULL,NULL,NULL,"Clinical Chemistry",Biomedical,NULL
U-MM,079,Multiskan,357-00120,2008,CDC,NULL,NULL,NULL,NULL,ICAP,"Clinical Chemistry",Biomedical,NULL
U-MM,080,"DSC_300 SD",0505172,NULL,NULL,2009-01-01,NULL,NULL,NULL,NULL,"Clinical Chemistry",Biomedical,NULL
U-MM,081,BS-200,NULL,NULL,NULL,NULL,NULL,NULL,NULL,NULL,"Clinical Chemistry",Biomedical,NULL
U-MM,082,BS-200,WN-06100688,NULL,NULL,2010-01-01,NULL,NULL,NULL,ICAP,"Clinical Chemistry",Biomedical,NULL
U-MM,083,Fully,80336,NULL,NULL,2005-01-01,NULL,NULL,NULL,NULL,"Clinical Chemistry",Biomedical,NULL
U-MM,084,Humalyte,700175,NULL,CDC,NULL,NULL,NULL,NULL,NULL,"Clinical Chemistry",Biomedical,NULL
U-MM,085,USS7480IKL,M22000110200,NULL,NULL,2005-01-01,NULL,NULL,NULL,NULL,"Clinical Chemistry",Biomedical,NULL
U-MM,086,"Vitamin +, GR-V212R",NULL,NULL,NULL,NULL,NULL,NULL,NULL,NULL,"Clinical Chemistry",Biomedical,NULL
U-MM,087,CX21FSI,CJ05427,NULL,CDC,2010-01-01,NULL,NULL,NULL,NULL,Parasitology,Biomedical,NULL
U-MM,088,"super arctic 7002t",NULL,NULL,NULL,2009-01-01,NULL,NULL,NULL,NULL,Parasitology,Biomedical,NULL
U-MM,089,D12661,126609062391,NULL,NULL,NULL,NULL,NULL,NULL,NULL,Parasitology,Biomedical,NULL
U-MM,090,"Rotofix 32",NULL,NULL,NULL,NULL,NULL,NULL,NULL,NULL,Parasitology,Biomedical,NULL
U-MM,091,"Uriscan Optima II",UA-10909803,NULL,NULL,NULL,NULL,NULL,NULL,NULL,Parasitology,Biomedical,NULL
U-MM,092,CX21FSI,7J5923,NULL,CDC,NULL,NULL,NULL,NULL,NULL,Parasitology,Biomedical,NULL
U-MM,093,CX21FSI,4A01419,NULL,CDC,2007-01-01,NULL,NULL,NULL,NULL,Parasitology,Biomedical,NULL
U-MM,094,CX21FSI,5F91090,NULL,ICAP,NULL,NULL,NULL,NULL,NULL,"Pediatric Laboratory",Biomedical,NULL
U-MM,095,CX21FSI,5F91321,NULL,ICAP,NULL,NULL,NULL,NULL,NULL,"Pediatric Laboratory",Biomedical,NULL
U-MM,096,CX21FSI,5F91095,NULL,ICAP,NULL,NULL,NULL,NULL,NULL,"Pediatric Laboratory",Biomedical,NULL
U-MM,097,NULL,10066716,NULL,"Walter Reed Program",NULL,NULL,NULL,NULL,NULL,"Cot Ward A",Biomedical,NULL
U-MM,098,R-T320EUKIK-1,2111200751,NULL,WHO,NULL,NULL,NULL,NULL,NULL,"Cot Ward A",Biomedical,NULL
U-MM,099,424,NULL,NULL,NULL,NULL,NULL,NULL,NULL,NULL,"Cot Ward A",Biomedical,NULL
U-MM,100,Forlife,NULL,NULL,NULL,2007-01-01,NULL,NULL,NULL,NULL,"Cot Ward A",Biomedical,NULL
U-MM,101,"sonoline Sienna","DBE 0487",2002,NULL,2009-01-01,NULL,NULL,NULL,NULL,"Cot Ward A Echo Room",Biomedical,NULL
U-MM,102,NULL,NULL,NULL,NULL,NULL,NULL,NULL,NULL,NULL,"Cot Ward A Echo Room",Biomedical,NULL
U-MM,103,"Sonoace X8",b02508300004464,NULL,NULL,2011-01-01,NULL,NULL,NULL,NULL,"Cot Ward A Echo Room",Biomedical,NULL
U-MM,104,"3666794, Coaguchek X5",UPO153784,NULL,"Save a Child's Heart",2002-01-01,NULL,NULL,NULL,NULL,"Cot Ward A Echo Room",Biomedical,NULL
U-MM,105,NULL,NULL,NULL,NULL,NULL,NULL,NULL,NULL,NULL,"Echo Room Cot Ward A",Biomedical,NULL
U-MM,106,NULL,NULL,NULL,NULL,NULL,NULL,NULL,NULL,NULL,"Echo Room Cot Ward A",Biomedical,NULL
U-MM,107,NULL,NULL,NULL,NULL,NULL,NULL,NULL,NULL,NULL,"Ward 1",Biomedical,NULL
U-MM,108,NULL,NULL,NULL,NULL,NULL,NULL,NULL,NULL,NULL,"Ward 1",Biomedical,NULL
U-MM,109,NULL,NULL,NULL,NULL,NULL,NULL,NULL,NULL,NULL,"Ward 1",Biomedical,NULL
U-MM,110,NULL,NULL,NULL,NULL,NULL,NULL,NULL,NULL,NULL,"Ward 1",Biomedical,NULL
U-MM,111,NULL,NULL,NULL,NULL,NULL,NULL,NULL,NULL,NULL,"Ward 1",Biomedical,NULL
U-MM,112,NULL,NULL,NULL,NULL,NULL,NULL,NULL,NULL,NULL,"Ward 1",Biomedical,NULL
U-MM,113,NULL,NULL,NULL,NULL,NULL,NULL,NULL,NULL,NULL,"Ward 1",Biomedical,NULL
U-MM,114,NULL,NULL,NULL,NULL,NULL,NULL,NULL,NULL,NULL,"Ward 1",Biomedical,NULL
U-MM,115,NULL,NULL,NULL,NULL,NULL,NULL,NULL,NULL,NULL,"Ward 1",Biomedical,NULL
U-MM,116,NULL,NULL,NULL,NULL,NULL,NULL,NULL,NULL,NULL,"Ward 2",Biomedical,NULL
U-MM,117,NULL,NULL,NULL,NULL,NULL,NULL,NULL,NULL,NULL,"Ward 2",Biomedical,NULL
U-MM,118,NULL,NULL,NULL,NULL,NULL,NULL,NULL,NULL,NULL,"Ward 2",Biomedical,NULL
U-MM,119,NULL,NULL,NULL,NULL,NULL,NULL,NULL,NULL,NULL,"Ward 2",Biomedical,NULL
U-MM,120,NULL,NULL,NULL,NULL,NULL,NULL,NULL,NULL,NULL,"Ward 2",Biomedical,NULL
U-MM,121,NULL,NULL,NULL,NULL,NULL,NULL,NULL,NULL,NULL,"Ward 2",Biomedical,NULL
U-MM,122,NULL,NULL,NULL,NULL,NULL,NULL,NULL,NULL,NULL,"Ward 2",Biomedical,NULL
U-MM,123,NULL,NULL,NULL,NULL,NULL,NULL,NULL,NULL,NULL,"Ward 2",Biomedical,NULL
U-MM,124,NULL,NULL,NULL,NULL,NULL,NULL,NULL,NULL,NULL,"Ward 2",Biomedical,NULL
U-MM,125,NULL,NULL,NULL,NULL,NULL,NULL,NULL,NULL,NULL,"Ward 2",Biomedical,NULL
U-MM,126,NULL,NULL,NULL,NULL,NULL,NULL,NULL,NULL,NULL,"Ward 2",Biomedical,NULL
U-MM,127,NULL,NULL,NULL,NULL,NULL,NULL,NULL,NULL,NULL,"Ward 2",Biomedical,NULL
U-MM,128,NULL,NULL,NULL,NULL,NULL,NULL,NULL,NULL,NULL,"Ward 2",Biomedical,NULL
U-MM,129,NULL,NULL,NULL,NULL,NULL,NULL,NULL,NULL,NULL,"Ward 2",Biomedical,NULL
U-MM,130,NULL,NULL,NULL,NULL,NULL,NULL,NULL,NULL,NULL,"Ward 2",Biomedical,NULL
U-MM,131,NULL,NULL,NULL,NULL,NULL,NULL,NULL,NULL,NULL,"Ward 2",Biomedical,NULL
U-MM,132,NULL,NULL,NULL,NULL,NULL,NULL,NULL,NULL,NULL,"Ward 2",Biomedical,NULL
U-MM,133,"super arctic 7002t",30454,2009,ICAP,NULL,NULL,NULL,NULL,NULL,"Lab Office",Biomedical,NULL
U-MM,134,NULL,NULL,NULL,NULL,NULL,NULL,NULL,NULL,NULL,"Cot Ward A Corridor",Biomedical,NULL
U-MM,135,"MP 25",NULL,NULL,Chara,NULL,NULL,NULL,NULL,NULL,"Intensive Pediatric Care",Biomedical,NULL
U-MM,136,"RG 2250 Indesit",DF23,NULL,NULL,NULL,NULL,NULL,NULL,NULL,"Cot Ward A Staff Room",Biomedical,NULL
U-MM,137,"1524kl healthometer",1524001652,NULL,Chara,0000-00-00,NULL,NULL,NULL,NULL,"Cot Ward A",Biomedical,NULL
U-MM,138,NULL,032437,NULL,UNICEF,NULL,NULL,NULL,NULL,NULL,"Cot Ward A",Biomedical,NULL
U-MM,139,xhz-90,NULL,NULL,"Haukeland University",NULL,NULL,NULL,NULL,NULL,"Cot Ward A Corridor",Biomedical,NULL
U-MM,140,XHZ-90,NULL,NULL,"Haukeland University",2011-01-01,NULL,NULL,NULL,NULL,"Intensive Pediatric Care",Biomedical,NULL
U-MM,141,XHZ-90,NULL,NULL,"Haukeland University",2011-01-01,NULL,NULL,NULL,NULL,"Intensive Pediatric Care",Biomedical,NULL
U-MM,142,"Vario 18",1343612,NULL,NULL,NULL,NULL,NULL,NULL,NULL,"Intensive Pediatric Care",Biomedical,NULL
U-MM,143,porta-neb,11A1510093,NULL,NULL,NULL,NULL,NULL,NULL,NULL,"Intensive Pediatric Care",Biomedical,NULL
U-MM,144,"OPI 1020006",0072417,NULL,"Haukeland University",2011-01-01,NULL,NULL,NULL,NULL,"Intensive Pediatric Care",Biomedical,NULL
U-MM,145,"OPI 1020006",0072359,NULL,"Haukeland University",2011-01-01,NULL,NULL,NULL,NULL,"Intensive Pediatric Care",Biomedical,NULL
U-MM,146,"OPI 1020006",0072393,NULL,"Haukeland University",2011-01-01,NULL,NULL,NULL,NULL,"Intensive Pediatric Care",Biomedical,NULL
U-MM,147,"argus LCM Plus",780.04022,NULL,"Japan International Cooperation Agency",2003-01-01,NULL,NULL,NULL,NULL,"Intensive Pediatric Care",Biomedical,NULL
U-MM,148,"m12041a 24c omnicare",3642a12915,NULL,"Japan International Cooperation Agency",NULL,NULL,NULL,NULL,NULL,"Intensive Pediatric Care",Biomedical,NULL
U-MM,149,NULL,NULL,NULL,"Haukeland University",2011-01-01,NULL,NULL,NULL,NULL,"Intensive Pediatric Care",Biomedical,NULL
U-MM,150,NULL,NULL,NULL,NULL,NULL,NULL,NULL,NULL,NULL,"Intensive Pediatric Care",Biomedical,NULL
U-MM,151,NULL,NULL,NULL,NULL,NULL,NULL,NULL,NULL,NULL,"Intensive Pediatric Care",Biomedical,NULL
U-MM,152,NULL,NULL,NULL,NULL,NULL,NULL,NULL,NULL,NULL,"Intensive Pediatric Care",Biomedical,NULL
U-MM,153,porta-neb,1999pm99431,NULL,NULL,2007-01-01,NULL,NULL,NULL,NULL,"Intensive Pediatric Care",Biomedical,NULL
U-MM,154,NULL,NULL,NULL,NULL,NULL,NULL,NULL,NULL,NULL,"Intensive Pediatric Care",Biomedical,NULL
U-MM,155,NULL,NULL,NULL,NULL,NULL,NULL,NULL,NULL,NULL,"Intensive Pediatric Care",Biomedical,NULL
U-MM,156,NULL,NULL,NULL,NULL,NULL,NULL,NULL,NULL,NULL,"Intensive Pediatric Care",Biomedical,NULL
U-MM,157,NULL,1450001,NULL,NULL,NULL,NULL,NULL,NULL,NULL,"Cot Ward A",Biomedical,NULL
U-MM,158,NULL,NULL,NULL,NULL,NULL,NULL,NULL,NULL,NULL,"Cot Ward A Pediatric Clinic",Biomedical,NULL
U-MM,159,NULL,1450756,NULL,NULL,NULL,NULL,NULL,NULL,NULL,"Cot Ward A Pediatric Clinic",Biomedical,NULL
U-MM,160,"lian scenic-5",477288,NULL,NULL,NULL,NULL,NULL,NULL,NULL,"Cot Ward A Pediatric Clinic",Biomedical,NULL
U-MM,161,porta-neb,11a1300016,NULL,"Haukeland University",2012-01-01,NULL,NULL,NULL,NULL,"Cot Ward A Pediatric Clinic",Biomedical,NULL
U-MM,162,NULL,NULL,NULL,MOH,NULL,NULL,NULL,NULL,NULL,"Room 1",Biomedical,NULL
U-MM,163,NULL,NULL,NULL,MOH,NULL,NULL,NULL,NULL,NULL,"Room 1",Biomedical,NULL
U-MM,164,NULL,NULL,NULL," ",NULL,NULL,NULL,NULL,NULL,"Room 1",Biomedical,NULL
U-MM,165,NULL,NULL,NULL,MOH,NULL,NULL,NULL,NULL,NULL,"Room 2",Biomedical,NULL
U-MM,166,"BTL-16 Plus",1B9119003,NULL,DANIDA,NULL,NULL,NULL,NULL,NULL,"Room 2",Biomedical,NULL
U-MM,167,BTC-5620,NULL,NULL,MOH,NULL,NULL,NULL,NULL,NULL,"Room 3",Biomedical,NULL
U-MM,168,NULL,NULL,NULL,MOH,NULL,NULL,NULL,NULL,NULL,"Room 3",Biomedical,NULL
U-MM,169,NULL,NULL,NULL,NULL,NULL,NULL,NULL,NULL,NULL,Veranda,Biomedical,NULL
U-MM,170,NULL,NULL,NULL,MOH,NULL,NULL,NULL,NULL,NULL,Veranda,Biomedical,NULL
U-MM,171,NULL,NULL,NULL,MOH,NULL,NULL,NULL,NULL,NULL,Veranda,Biomedical,NULL
U-MM,172,NULL,NULL,NULL,MOH,NULL,NULL,NULL,NULL,NULL,Gymnasium,Biomedical,NULL
U-MM,173,NULL,NULL,NULL,DANIDA,NULL,NULL,NULL,NULL,NULL,Gymnasium,Biomedical,NULL
U-MM,174,NULL,NULL,NULL,MOH,NULL,NULL,NULL,NULL,NULL,Gymnasium,Biomedical,NULL
U-MM,175,NULL,NULL,NULL,DANIDA,NULL,NULL,NULL,NULL,NULL,Gymnasium,Biomedical,NULL
U-MM,176,NULL,NULL,NULL,MOH,NULL,NULL,NULL,NULL,NULL,Gymnasium,Biomedical,NULL
U-MM,177,NULL,NULL,NULL,DANIDA,NULL,NULL,NULL,NULL,NULL,Gymnasium,Biomedical,NULL
U-MM,178,btl-5000,NULL,NULL,DANIDA,NULL,NULL,NULL,NULL,NULL,Veranda,Biomedical,NULL
U-MM,179,"dynatron 438",438-01-192,NULL,MOH,NULL,NULL,NULL,NULL,NULL,Veranda,Biomedical,NULL
U-MM,180,NULL,NULL,NULL,DANIDA,NULL,NULL,NULL,NULL,NULL,Gymnasium,Biomedical,NULL
U-MM,181,"ergomedic 818e",fe568511379312,NULL,DANIDA,2007-01-01,NULL,NULL,NULL,NULL,Veranda,Biomedical,NULL
U-MM,182,"Cycle PEC-3000",V13000Z00529,NULL,DANIDA,NULL,NULL,NULL,NULL,NULL,Veranda,Biomedical,NULL
U-MM,183,NULL,0-30047,NULL,MOH,NULL,NULL,NULL,NULL,NULL,Syringing,Biomedical,NULL
U-MM,184,NULL,NULL,NULL,MOH,NULL,NULL,NULL,NULL,NULL,Syringing,Biomedical,NULL
U-MM,185,2F-020-02-P,7620,NULL,"Impact East Africa",NULL,NULL,NULL,NULL,NULL,"Clinic 1",Biomedical,NULL
U-MM,186,2F-020-02-P,7614,NULL,"Impact East Africa",NULL,NULL,NULL,NULL,NULL,"Audiology Room ",Biomedical,NULL
U-MM,187,"5610 Assens Denmark",3704896,NULL,"Impact East Africa",NULL,NULL,NULL,NULL,NULL,"Audiology Room ",Biomedical,NULL
U-MM,188,18099,NULL,NULL,"Impact East Africa",2008-01-01,NULL,NULL,NULL,NULL,"ENT Hearing Aid Laboratory",Biomedical,NULL
U-MM,189,NULL,2008-08-1453,NULL,"Impact East Africa",NULL,NULL,NULL,NULL,NULL,"ENT Hearing Aid Laboratory",Biomedical,NULL
U-MM,190,5000t,NULL,NULL,"Impact East Africa",NULL,NULL,NULL,NULL,NULL,"ENT Hearing Aid Laboratory",Biomedical,NULL
U-MM,191,NULL,NULL,NULL,NULL,NULL,NULL,NULL,NULL,NULL,"ENT Audiology Clinic",Biomedical,NULL
U-MM,192,NULL,663760,NULL,NULL,2007-01-01,NULL,NULL,NULL,"Guy Mark UK Ltd.","ENT Audiology Clinic",Biomedical,NULL
U-MM,193,eb-350i,8093,NULL,NULL,NULL,NULL,NULL,NULL,NULL,"ENT Audiology Clinic",Biomedical,NULL
U-MM,194,NULL,NULL,NULL,NULL,NULL,NULL,NULL,NULL,NULL,Veranda,Biomedical,NULL
U-MM,195,NULL,NULL,NULL,MOH,NULL,NULL,NULL,NULL,NULL,Veranda,Biomedical,NULL
U-MM,196,NULL,NULL,NULL,"Haukeland University",NULL,NULL,NULL,NULL,NULL,"Occupational Therapy",Biomedical,NULL
U-MM,197,55003-35,0030,NULL,"Haukeland University",2002-01-01,NULL,NULL,NULL,NULL,"Occupational Therapy",Biomedical,NULL
U-MM,198,NULL,NULL,NULL,"Haukeland University",NULL,NULL,NULL,NULL,NULL,"Occupational Therapy",Biomedical,NULL
U-MM,199,HCALI0800,69190,NULL,NULL,NULL,NULL,NULL,NULL,NULL,"Occupational Therapy",Biomedical,NULL
U-MM,200,NULL,NULL,NULL,NULL,2005-01-01,NULL,NULL,NULL,NULL,"Occupational Therapy",Biomedical,NULL
U-MM,201,N604,008170655,NULL,"Private Donor",NULL,NULL,NULL,NULL,NULL,"Occupational Therapy",Biomedical,NULL
U-MM,202,M793-220,M704WL230-1003,NULL,"Private Donor",2012-01-01,NULL,NULL,NULL,NULL,"Minor OT",Biomedical,NULL
U-MM,203,NULL,NULL,NULL,"Impact East Africa",NULL,NULL,NULL,NULL,NULL,"Minor OT",Biomedical,NULL
U-MM,204,"D-68642 Hustak",NULL,NULL,"Impact East Africa",NULL,NULL,NULL,NULL,NULL,"Minor OT",Biomedical,NULL
U-MM,205,"Mach 115",1151125000,NULL,"Impact East Africa",NULL,NULL,NULL,NULL,NULL,"Minor OT",Biomedical,NULL
U-MM,206,"excel 210se",amaa00422,NULL,MOH,NULL,NULL,NULL,NULL,NULL,"Minor OT",Biomedical,NULL
U-MM,207,NULL,53253,NULL,"Impact East Africa",NULL,NULL,NULL,NULL,NULL,"Minor OT",Biomedical,NULL
U-MM,208,W-9700S,050940-11,NULL,"Impact East Africa",NULL,NULL,NULL,NULL,NULL,"ENT Sluice Room",Biomedical,NULL
U-MM,209,PFC145W,7DLD602007010423094,NULL,NULL,NULL,NULL,NULL,NULL,NULL,Ward,Biomedical,NULL
U-MM,210,976,NULL,NULL,"Impact East Africa",NULL,NULL,NULL,NULL,NULL,Ward,Biomedical,NULL
U-MM,211,976,NULL,NULL,"Impact East Africa",NULL,NULL,NULL,NULL,NULL,Ward,Biomedical,NULL
U-MM,212,976,NULL,NULL,"Impact East Africa",NULL,NULL,NULL,NULL,NULL,Ward,Biomedical,NULL
U-MM,213,976,NULL,NULL,"Impact East Africa",NULL,NULL,NULL,NULL,NULL,Ward,Biomedical,NULL
U-MM,214,976,NULL,NULL,"Impact East Africa",NULL,NULL,NULL,NULL,NULL,Ward,Biomedical,NULL
U-MM,215,976,NULL,NULL,"Impact East Africa",NULL,NULL,NULL,NULL,NULL,Ward,Biomedical,NULL
U-MM,216,Lapetite,NULL,NULL,CDC,NULL,NULL,NULL,NULL,NULL,Ward,Biomedical,NULL
U-MM,217,W-101,NULL,NULL,NULL,NULL,NULL,NULL,NULL,NULL,Ward,Biomedical,NULL
U-MM,218,713,865042,NULL,NULL,NULL,NULL,NULL,NULL,NULL,"Acupuncture Clinic",Biomedical,NULL
U-MM,219,NULL,NULL,NULL,NULL,NULL,NULL,NULL,NULL,NULL,"Acupuncture Clinic",Biomedical,NULL
U-MM,220,NULL,NULL,NULL,NULL,NULL,NULL,NULL,NULL,NULL,"Main Corridor",Biomedical,NULL
U-MM,221,NULL,NULL,NULL,NULL,NULL,NULL,NULL,NULL,NULL,Ward,Biomedical,NULL
U-MM,222,NULL,NULL,NULL,NULL,NULL,NULL,NULL,NULL,NULL,Ward,Biomedical,NULL
U-MM,223,NULL,NULL,NULL,NULL,NULL,NULL,NULL,NULL,NULL,Ward,Biomedical,NULL
U-MM,224,NULL,NULL,NULL,NULL,NULL,NULL,NULL,NULL,NULL,Ward,Biomedical,NULL
U-MM,225,NULL,NULL,NULL,NULL,NULL,NULL,NULL,NULL,NULL,Ward,Biomedical,NULL
U-MM,226,NULL,NULL,NULL,NULL,NULL,NULL,NULL,NULL,NULL,Ward,Biomedical,NULL
U-MM,227,NULL,NULL,NULL,NULL,NULL,NULL,NULL,NULL,NULL,Ward,Biomedical,NULL
U-MM,228,NULL,NULL,NULL,NULL,NULL,NULL,NULL,NULL,NULL,Ward,Biomedical,NULL
U-MM,229,PD-FA,1310134,NULL,"Private Donor",2007-01-01,NULL,NULL,NULL,NULL,"Sea View Theatre",Biomedical,NULL
U-MM,230,"Opmi Pico",6627101288,NULL,"Impact East Africa",NULL,NULL,NULL,NULL,NULL,"Sea View Theatre",Biomedical,NULL
U-MM,231,NULL,NULL,NULL,"Impact East Africa",NULL,NULL,NULL,NULL,NULL,"Sea View Theatre",Biomedical,NULL
U-MM,232,NULL,0473,NULL,"Impact East Africa",NULL,NULL,NULL,NULL,NULL,"Sea View Theatre",Biomedical,NULL
U-MM,233,TR200,0546,NULL,"Impact East Africa",NULL,NULL,NULL,NULL,NULL,"Sea View Theatre",Biomedical,NULL
U-MM,234,Top-1800,T1800310030001,NULL,"Impact East Africa",NULL,NULL,NULL,NULL,NULL,"Sea View Theatre",Biomedical,NULL
U-MM,235,Aeon7500A,AEON7500A(E)ZKYZ022,NULL,"Impact East Africa",2011-01-01,NULL,NULL,NULL,NULL,"Sea View Theatre",Biomedical,NULL
U-MM,236,NULL,2164,NULL,NULL,NULL,NULL,NULL,NULL,NULL,"Sea View Theatre",Biomedical,NULL
U-MM,237,NULL,NULL,NULL,"Impact East Africa",NULL,NULL,NULL,NULL,NULL,"Sea View Theatre",Biomedical,NULL
U-MM,238,AX-H900,09224,NULL,"Impact East Africa",NULL,NULL,NULL,NULL,NULL,"Sea View Theatre",Biomedical,NULL
U-MM,239,AB-250B,NULL,NULL,"Impact East Africa",NULL,NULL,NULL,NULL,NULL,"Sea View Theatre",Biomedical,NULL
U-MM,240,NULL,NULL,NULL,NULL,NULL,NULL,NULL,NULL,NULL,"Sea View Theater",Biomedical,NULL
U-MM,241,NULL,NULL,NULL,"Impact East Africa",NULL,NULL,NULL,NULL,NULL,"Sea View Theatre",Biomedical,NULL
U-MM,242,NULL,NULL,NULL,Chara,NULL,NULL,NULL,NULL,NULL,"Sea View Theatre",Biomedical,NULL
U-MM,243,225,02930000178,NULL,MOH,NULL,NULL,NULL,NULL,NULL,ICU,Biomedical,NULL
U-MM,244,"ivent 201",iv17674,NULL,MOH,2007-01-01,NULL,NULL,NULL,NULL,ICU,Biomedical,NULL
U-MM,245,"new askir 30",11149,NULL,MOH,NULL,NULL,NULL,NULL,NULL,ICU,Biomedical,NULL
U-MM,246,f170,0-70787,NULL,MOH,NULL,NULL,NULL,NULL,NULL,ICU,Biomedical,NULL
U-MM,247,f170,0-70780,NULL,MOH,NULL,NULL,NULL,NULL,NULL,ICU,Biomedical,NULL
U-MM,248,SG-R210,NULL,NULL,"Bombay Bazaar",NULL,NULL,NULL,NULL,NULL,ICU,Biomedical,NULL
U-MM,249,"new life elite",951992,NULL,MOH,NULL,NULL,NULL,NULL,NULL,ICU,Biomedical,NULL
U-MM,250,n180,20064657,NULL,NULL,NULL,NULL,NULL,NULL,NULL,ICU,Biomedical,NULL
U-MM,251,lf-h-10a,0-7090181,NULL,NULL,NULL,NULL,NULL,NULL,NULL,ICU,Biomedical,NULL
U-MM,252,8021,8210569,NULL,MOH,NULL,NULL,NULL,NULL,NULL,ICU,Biomedical,NULL
U-MM,253,n-200,0-57704a0389,NULL,NULL,NULL,NULL,NULL,NULL,NULL,ICU,Biomedical,NULL
U-MM,254,n180,20213345,NULL,NULL,NULL,NULL,NULL,NULL,NULL,ICU,Biomedical,NULL
U-MM,255,apd2,0-015,NULL,NULL,NULL,NULL,NULL,NULL,NULL,ICU,Biomedical,NULL
U-MM,256,3800,6050-0003-731,NULL,NULL,NULL,NULL,NULL,NULL,NULL,ICU,Biomedical,NULL
U-MM,257,"Lifepak 9",0010043,NULL,NULL,NULL,NULL,NULL,NULL,NULL,ICU,Biomedical,NULL
U-MM,258,78660A,20EEB82,NULL,NULL,NULL,NULL,NULL,NULL,NULL,ICU,Biomedical,NULL
U-MM,259,PVM-2701,00103093,NULL,MOH,2012-01-01,NULL,NULL,NULL,NULL,ICU,Biomedical,NULL
U-MM,260,V450/T,014897,NULL,"Private Donor",2009-01-01,NULL,NULL,NULL,NULL,ICU,Biomedical,NULL
U-MM,261,"Siaetron 3000",0103090,NULL,MOH,0000-00-00,NULL,NULL,"1 year",NULL,ICU,Biomedical,NULL
U-MM,262,"big ben round",NULL,NULL,MOH,0000-00-00,NULL,NULL,"1 year",NULL,ICU,Biomedical,NULL
U-MM,263,YB.DX23D,NULL,NULL,"Impact East Africa",NULL,NULL,NULL,NULL,NULL,"Sea View Theatre",Biomedical,NULL
U-MM,264,PVM-2701,0103092,NULL,MOH,0000-00-00,NULL,NULL,"1 year",NULL,ICU,Biomedical,NULL
U-MM,265,"big ben round",NULL,NULL,MOH,0000-00-00,NULL,NULL,"1 year",NULL,ICU,Biomedical,NULL
U-MM,266,RM3000TFT,SM0000FQ,NULL,MOH,0000-00-00,NULL,NULL,"1 year",NULL,ICU,Biomedical,NULL
U-MM,267,PVM-2701,0103108,NULL,MOH,0000-00-00,NULL,NULL,"1 year",NULL,ICU,Biomedical,NULL
U-MM,268,"big ben round",NULL,NULL,MOH,0000-00-00,NULL,NULL,"1 year",NULL,ICU,Biomedical,NULL
U-MM,269,P-600,C60601-1-2:1993,NULL,MOH,0000-00-00,NULL,NULL,"1 year",NULL,ICU,Biomedical,NULL
U-MM,270,6K6001B,11120220,NULL,MOH,0000-00-00,NULL,NULL,"1 year",NULL,ICU,Biomedical,NULL
U-MM,271,"Siaetron 3000",0003FQ,NULL,MOH,NULL,NULL,NULL,"1 year",NULL,ICU,Biomedical,NULL
U-MM,272,"Lifepak 9",00004111,NULL,NULL,NULL,NULL,NULL,"1 year",NULL,ICU,Biomedical,NULL
U-MM,273,PVM-2701,0103094,2012,MOH,0000-00-00,NULL,NULL,"1 year",NULL,ICU,Biomedical,NULL
U-MM,274,TobiClinic,2083,NULL,MOH,2007-01-01,NULL,NULL,NULL,NULL,ICU,Biomedical,NULL
U-MM,275,P-600,IEC60601-1-2:1993,NULL,MOH,0000-00-00,NULL,NULL,"1 year",NULL,ICU,Biomedical,NULL
U-MM,276,Nuvo,0413,NULL,MOH,2007-01-01,NULL,NULL,NULL,NULL,ICU,Biomedical,NULL
U-MM,277,URIT-910A,910A00640,NULL,MOH,0000-00-00,NULL,NULL,"1 year",NULL,ICU,Biomedical,NULL
U-MM,278,"Easy Blood Gas",0312030001,NULL,MOH,0000-00-00,NULL,NULL,"1 year",NULL,ICU,Biomedical,NULL
U-MM,279,"CardiofaxV ECG-1550K",NULL,NULL,MOH,2012-01-01,NULL,NULL,"1 year",NULL,ICU,Biomedical,NULL
U-MM,280,NULL,NULL,NULL,MOH,2010-01-01,NULL,NULL,NULL,NULL,"Cot Ward B",Biomedical,NULL
U-MM,281,"A3-214-535, Via Canove n.2/a",NULL,NULL,MOH,2010-01-01,NULL,NULL,NULL,NULL,"Cot Ward B",Biomedical,NULL
U-MM,282,"Bucky Diagnost 984850029301",2307,NULL,NULL,2010-01-01,NULL,NULL,NULL,NULL,"X-Ray Department",Biomedical,NULL
U-MM,283,"Optimax 2010 1160-1-0000",116010-0812-3651,NULL,NULL,NULL,NULL,NULL,NULL,NULL,"X-Ray Department",Biomedical,NULL
U-MM,284,"cold light illuminators",NULL,NULL,NULL,NULL,NULL,NULL,NULL,NULL,"X-Ray Department",Biomedical,NULL
U-MM,285,Planilux,08194-95-B,NULL,NULL,NULL,NULL,NULL,NULL,NULL,"X-Ray Department",Biomedical,NULL
U-MM,286,"07093110 Axiom Iconos R100",2013,NULL,NULL,NULL,NULL,NULL,NULL,NULL,"X-Ray Department",Biomedical,NULL
U-MM,287,"Sonoace X8",B02508300004464,NULL,MOH,NULL,NULL,NULL,NULL,NULL,"Ultrasound Room",Biomedical,NULL
U-MM,288,NULL,NULL,NULL,MOH,NULL,NULL,NULL,NULL,NULL,"Staff Room",Biomedical,NULL
U-MM,289,NULL,110809184054,NULL,MOH,NULL,NULL,NULL,NULL,NULL,"Staff Room",Biomedical,NULL
U-MM,290,NULL,NULL,NULL,NULL,NULL,NULL,NULL,NULL,NULL,"Staff Room",Biomedical,NULL
U-MM,291,NULL,NULL,NULL,"Private Donor",NULL,NULL,NULL,NULL,NULL,"Staff Room",Biomedical,NULL
U-MM,292,NULL,NULL,NULL,NULL,NULL,NULL,NULL,NULL,NULL,"Cot Ward A Staff Room",Biomedical,NULL
U-MM,293,811021859,1881078090753,NULL,NULL,NULL,NULL,NULL,NULL,NULL,"Cot Ward A Staff Room",Biomedical,NULL
U-MM,294,2171721009,19/09,NULL,NULL,NULL,NULL,NULL,NULL,NULL,"Cot Ward A Staff Room",Biomedical,NULL
U-MM,295,NULL,NULL,NULL,NULL,NULL,NULL,NULL,NULL,NULL,"Cot Ward A Staff Room",Biomedical,NULL
U-MM,296,SVC-SOOON,NULL,NULL,NULL,NULL,NULL,NULL,NULL,NULL,"Main Building Dental Clinic",Biomedical,NULL
U-MM,297,NULL,NULL,NULL,NULL,NULL,NULL,NULL,NULL,NULL,"Main Building Dental Clinic",Biomedical,NULL
U-MM,298,A3-214-535,NULL,NULL,NULL,NULL,NULL,NULL,NULL,NULL,"Main Building Dental Clinic",Biomedical,NULL
U-MM,299,yzx,003005,NULL,MOH,2010-01-01,NULL,NULL,NULL,NULL,"Main Building Dental Clinic",Biomedical,NULL
U-MM,300,yzx,0-25701,NULL,MOH,2010-01-01,NULL,NULL,NULL,NULL,"Main Building Dental Clinic",Biomedical,NULL
U-MM,301,NULL,2280,NULL,NULL,2005-01-01,NULL,NULL,NULL,NULL,"Main Building Dental Clinic",Biomedical,NULL
U-MM,302,tr50n,NULL,NULL,"Government of Egypt",2008-01-01,NULL,NULL,NULL,NULL,"Main Building Dental Clinic",Biomedical,NULL
U-MM,303,1911,196795,NULL,NULL,NULL,NULL,NULL,NULL,NULL,"Main Building Dental Clinic",Biomedical,NULL
U-MM,304,oy-00880,ithc77926,NULL,"Lab Equip",2010-01-01,NULL,NULL,NULL,NULL,"Main Building Dental Clinic",Biomedical,NULL
U-MM,305,102006,0072388,NULL,"Haukeland University",2011-01-01,NULL,NULL,NULL,NULL,"Neonatal Unit",Biomedical,NULL
U-MM,306,yp-90a,0-6070104033,2007,NULL,2010-01-01,NULL,NULL,NULL,NULL,"Neonatal Unit",Biomedical,NULL
U-MM,307,yp-90a,0-6070104014,2007,NULL,2010-01-01,NULL,NULL,NULL,NULL,"Neonatal Unit",Biomedical,NULL
U-MM,308,NULL,NULL,NULL,NULL,NULL,NULL,NULL,NULL,NULL,"Neonatal Unit",Biomedical,NULL
U-MM,309,0706CAOS,NULL,NULL,"Haukeland University",2012-01-01,NULL,NULL,NULL,NULL,"Neonatal Unit",Biomedical,NULL
U-MM,310,"c2vha-1 isolette c2000",PN-2436,NULL,"Haukeland University",2012-01-01,NULL,NULL,NULL,NULL,"Neonatal Unit",Biomedical,NULL
U-MM,311,102006,0072363,NULL,"Haukeland University",2012-01-01,NULL,NULL,NULL,NULL,"Neonatal Unit",Biomedical,NULL
U-MM,312,NULL,NULL,NULL,NULL,NULL,NULL,NULL,NULL,NULL,"Neonatal Unit",Biomedical,NULL
U-MM,313,"c2vha-1 isolette c2000",uv01962,NULL,"Haukeland University",2011-01-01,NULL,NULL,NULL,NULL,"Neonatal Unit",Biomedical,NULL
U-MM,314,"c2vha-1 isolette c2000",UV01961,NULL,"Haukeland University",2011-01-01,NULL,NULL,NULL,NULL,"Neonatal Unit",Biomedical,NULL
U-MM,315,xp-90a,0-6070104009,2007,NULL,2010-01-01,NULL,NULL,NULL,NULL,"Neonatal Unit",Biomedical,NULL
U-MM,316,"set rad-8",NULL,NULL,"Haukeland University",2011-01-01,NULL,NULL,NULL,NULL,"Neonatal Unit",Biomedical,NULL
U-MM,317,yp-90a,0-6070104008,2007,NULL,2010-01-01,NULL,NULL,NULL,NULL,"Neonatal Unit",Biomedical,NULL
U-MM,318,1020006,0072376,NULL,"Haukeland University",2012-01-01,NULL,NULL,NULL,NULL,"Neonatal Unit",Biomedical,NULL
U-MM,319,1020006,0072377,NULL,"Haukeland University",2011-01-01,NULL,NULL,NULL,NULL,"Neonatal Unit",Biomedical,NULL
U-MM,320,1020006,0072392,NULL,"Haukeland University",2011-01-01,NULL,NULL,NULL,NULL,"Neonatal Unit",Biomedical,NULL
U-MM,321,1020006,0072418,NULL,"Haukeland University",2011-01-01,NULL,NULL,NULL,NULL,"Neonatal Unit",Biomedical,NULL
U-MM,322,Premium,8006GR/ST,NULL,"Haukeland University",2011-01-01,NULL,NULL,NULL,NULL,"Neonatal Unit",Biomedical,NULL
U-MM,323,"vario 18",1343159,NULL,"Haukeland University",2011-01-01,NULL,NULL,NULL,NULL,"Neonatal Unit",Biomedical,NULL
U-MM,324,"set rad-8",NULL,NULL,"Haukeland University",2011-01-01,NULL,NULL,NULL,NULL,"Neonatal Unit",Biomedical,NULL
U-MM,325,"set rad-8",NULL,NULL,"Haukeland University",2011-01-01,NULL,NULL,NULL,NULL,"Neonatal Unit",Biomedical,NULL
U-MM,326,"set rad-8",NULL,NULL,"Haukeland University",2011-01-01,NULL,NULL,NULL,NULL,"Neonatal Unit",Biomedical,NULL
U-MM,327,d-f-2858,f003-c2-0007,2000,NULL,NULL,NULL,NULL,NULL,NULL,"Neonatal Unit",Biomedical,NULL
U-MM,328,XHZ-90,NULL,NULL,NULL,NULL,NULL,NULL,NULL,NULL,"Neonatal Unit",Biomedical,NULL
U-MM,329,Neoblue,21949,NULL,NULL,NULL,NULL,NULL,NULL,NULL,"Neonatal Unit",Biomedical,NULL
U-MM,330,AL35277,8205023,NULL,NULL,NULL,NULL,NULL,NULL,NULL,"Neonatal Unit",Biomedical,NULL
U-MM,331,Neoblue,21950,NULL,"Haukeland University",2011-01-01,NULL,NULL,NULL,NULL,"Neonatal Unit",Biomedical,NULL
U-MM,332,NULL,NULL,NULL,NULL,NULL,NULL,NULL,NULL,NULL,"Neonatal Unit",Biomedical,NULL
U-MM,333,NULL,NULL,NULL,NULL,NULL,NULL,NULL,NULL,NULL,"Neonatal Unit",Biomedical,NULL
U-MM,334,NULL,NULL,NULL,NULL,NULL,NULL,NULL,NULL,NULL,"Neonatal Unit",Biomedical,NULL
U-MM,335,"Force 40s",RIL1955,NULL,NULL,2009-01-01,NULL,NULL,NULL,NULL,OT1,Biomedical,NULL
U-MM,336,NULL,110808132050,NULL,MOH,2012-01-01,NULL,NULL,NULL,NULL,OT1,Biomedical,NULL
U-MM,337,Aeon7500A,AEON7500A(E)ZKY2017,NULL,MOH,2009-01-01,NULL,NULL,NULL,NULL,OT1,Biomedical,NULL
U-MM,338,2080,413177016,NULL,MOH,1995-01-01,NULL,NULL,NULL,NULL,OT1,Biomedical,NULL
U-MM,339,J4,J4368,NULL,MOH,NULL,NULL,NULL,NULL,NULL,OT2,Biomedical,NULL
U-MM,340,IRIS70,106502410630000,NULL,NULL,2009-01-01,NULL,NULL,NULL,NULL,OT1,Biomedical,NULL
U-MM,341,IRIS70,34641,NULL,NULL,2009-01-01,NULL,NULL,NULL,NULL,OT1,Biomedical,NULL
U-MM,342,AH-M1,M800MB01152,NULL,MOH,2009-01-01,NULL,NULL,NULL,NULL,OT1,Biomedical,NULL
U-MM,343,"big ben round",NULL,NULL,MOH,2009-01-01,NULL,NULL,NULL,NULL,OT1,Biomedical,NULL
U-MM,344,D7MX,20542-16-031,2009,MOH,2012-01-01,NULL,NULL,NULL,NULL,OT1,Biomedical,NULL
U-MM,345,Aeon7500A,AEON7500A(E)ZKY2023,NULL,MOH,2009-01-01,NULL,NULL,NULL,NULL,OT1,Biomedical,NULL
U-MM,346,3500,67042,NULL,NULL,NULL,NULL,NULL,NULL,NULL,OT1,Biomedical,NULL
U-MM,347,"Masimo Set RAD-5",537579,2007,"Haukeland University",2009-01-01,NULL,NULL,NULL,NULL,OT1,Biomedical,NULL
U-MM,348,AH-M1,M017A000117,NULL,MOH,2009-01-01,NULL,NULL,NULL,NULL,OT1,Biomedical,NULL
U-MM,349,310356/03,2067,2010,MOH,2010-01-01,NULL,NULL,NULL,Anudha,OT1,Biomedical,NULL
U-MM,350,LJ-S,108400/201004,NULL,NULL,NULL,NULL,NULL,NULL,NULL,OT1,Biomedical,NULL
U-MM,351,GD350-P,3250683,2009,NULL,2009-01-01,NULL,NULL,NULL,NULL,OT1,Biomedical,NULL
U-MM,352,LX-3,HI2046,2010,NULL,2009-01-01,NULL,NULL,NULL,NULL,OT2,Biomedical,NULL
U-MM,353,"Opmics, KBC/KBD002",CMKBE003,NULL,NULL,2012-01-01,NULL,NULL,NULL,NULL,OT2,Biomedical,NULL
U-MM,354,eco-22-gen-cx9,cx9g-1002001,NULL,MOH,2009-01-01,NULL,NULL,NULL,"Lab Equip",OT3,Biomedical,NULL
U-MM,355,ECO-MCART-CX9,CX9MCART-7002001,NULL,MOH,2009-01-01,NULL,NULL,NULL,NULL,OT3,Biomedical,NULL
U-MM,356,"IRIS, 23085",NULL,NULL,NULL,2009-01-01,NULL,NULL,NULL,NULL,OT3,Biomedical,NULL
U-MM,357,23085,LKS7,NULL,NULL,2009-01-01,NULL,NULL,NULL,NULL,OT3,Biomedical,NULL
U-MM,358,"lifepak 9b",000-10928,NULL,NULL,2002-01-01,NULL,NULL,NULL,NULL,OT3,Biomedical,NULL
U-MM,359,"BMS4400 Powerplus",10954007,NULL,NULL,2011-01-01,NULL,NULL,NULL,NULL,OT3,Biomedical,NULL
U-MM,360,NULL,NULL,NULL,NULL,NULL,NULL,NULL,NULL,NULL,OT3,Biomedical,NULL
U-MM,361,AX-3008H,NULL,NULL,MOH,2009-01-01,NULL,NULL,NULL,NULL,OT3,Biomedical,NULL
U-MM,362,SR1,030014,NULL,MOH,1997-01-01,NULL,NULL,NULL,NULL,OT3,Biomedical,NULL
U-MM,363,NULL,2074,NULL,NULL,NULL,NULL,NULL,NULL,NULL,"Maternity Theater",Biomedical,NULL
U-MM,364,ot-125a,t125a0683,NULL,MOH,NULL,NULL,NULL,NULL,NULL,"Maternity Theater",Biomedical,NULL
U-MM,365,"big ben round",NULL,NULL,NULL,NULL,NULL,NULL,NULL,NULL,"Maternity Theater",Biomedical,NULL
U-MM,366,"amamap 8u5xt",NULL,NULL,NULL,NULL,NULL,NULL,NULL,NULL,"Maternity Theater",Biomedical,NULL
U-MM,367,NULL,2107,NULL,NULL,NULL,NULL,NULL,NULL,NULL,"Maternity Theater",Biomedical,NULL
U-MM,368,AMS100,NULL,NULL,NULL,NULL,NULL,NULL,NULL,NULL,OT3,Biomedical,NULL
U-MM,369,66858,NULL,NULL,NULL,NULL,NULL,NULL,NULL,NULL,"Maternity Theater",Biomedical,NULL
U-MM,370,"physiogard sm785",NULL,NULL,NULL,NULL,NULL,NULL,NULL,NULL,"Maternity Theater",Biomedical,NULL
U-MM,371,"biox 3740",g0003610,NULL,NULL,NULL,NULL,NULL,NULL,NULL,"Maternity Theater",Biomedical,NULL
U-MM,372,"new akir 30",11150,NULL,NULL,NULL,NULL,NULL,NULL,NULL,"Maternity Theater",Biomedical,NULL
U-MM,373,f-36,0-30023,NULL,NULL,NULL,NULL,NULL,NULL,NULL,"Maternity Theater",Biomedical,NULL
U-MM,374,NULL,NULL,NULL,NULL,NULL,NULL,NULL,NULL,NULL,"Delivery Room",Biomedical,NULL
U-MM,375,NULL,NULL,NULL,NULL,NULL,NULL,NULL,NULL,NULL,"Delivery Room",Biomedical,NULL
U-MM,376,NULL,NULL,NULL,NULL,NULL,NULL,NULL,NULL,NULL,"Delivery Room",Biomedical,NULL
U-MM,377,NULL,NULL,NULL,NULL,NULL,NULL,NULL,NULL,NULL,"Delivery Room",Biomedical,NULL
U-MM,378,"multiradia 30",00-403,NULL,NULL,NULL,NULL,NULL,NULL,NULL,"Delivery Room",Biomedical,NULL
U-MM,379,"vario 18",1329769,NULL,NULL,NULL,NULL,NULL,NULL,NULL,"Delivery Room",Biomedical,NULL
U-MM,380,"new askir 30",11031,NULL,NULL,NULL,NULL,NULL,NULL,NULL,"Delivery Room",Biomedical,NULL
U-MM,381,NULL,NULL,NULL,NULL,NULL,NULL,NULL,NULL,NULL,"Delivery Room",Biomedical,NULL
U-MM,382,er24,NULL,NULL,Chara,NULL,NULL,NULL,NULL,NULL,"Maternity Corridor",Biomedical,NULL
U-MM,383,"big ben round",NULL,NULL,MOH,NULL,NULL,NULL,NULL,NULL,"Staff Room",Biomedical,NULL
U-MM,384,TA-8859,NULL,NULL,MOH,NULL,NULL,NULL,NULL,NULL,"Staff Room",Biomedical,NULL
U-MM,385,"Best One GR-1515",503340315,NULL,NULL,NULL,NULL,NULL,NULL,NULL,"Staff Room",Biomedical,NULL
U-MM,386,NULL,GPO129903,NULL,"Private Donor",2011-01-01,NULL,NULL,NULL,NULL,"Staff Changing Room",Biomedical,NULL
U-MM,387,NULL,110105336,NULL,"Private Donor",2012-01-01,NULL,NULL,NULL,NULL,"Staff Changing Room",Biomedical,NULL
U-MM,388,GE224C,991812547,1999,NULL,NULL,NULL,NULL,NULL,NULL,"Sterilization Room",Biomedical,NULL
U-MM,389,NULL,110105244,NULL,MOH,2012-01-01,NULL,NULL,NULL,NULL,"Main Corridor",Biomedical,NULL
U-MM,390,NULL,NULL,NULL,MOH,NULL,NULL,NULL,NULL,NULL,"MMH Female Surgical Gynecological ward",Biomedical,NULL
U-MM,391,NULL,NULL,NULL,NULL,NULL,NULL,NULL,NULL,NULL,"Maternity Evacuation Room",Biomedical,NULL
U-MM,392,NULL,NULL,NULL,NULL,NULL,NULL,NULL,NULL,NULL,"Maternity Evacuation Room",Biomedical,NULL
U-MM,393,NULL,NULL,NULL,NULL,NULL,NULL,NULL,NULL,NULL,"Female Gynecological Ward",Biomedical,NULL
U-MM,394,NULL,NULL,NULL,NULL,NULL,NULL,NULL,NULL,NULL,"Doctor's Office, Female Surgical Ward Gynecol",Biomedical,NULL
U-MM,395,NULL,NULL,NULL,MOH,2012-01-01,NULL,NULL,NULL,NULL,"Female Medical Ward",Biomedical,NULL
U-MM,396,"Omron NE-CO8",80306,NULL,MOH,NULL,NULL,NULL,NULL,NULL,"Female Medical Ward",Biomedical,NULL
U-MM,397,"big ben round",NULL,NULL,MOH,2012-01-01,NULL,NULL,NULL,NULL,"Hypertension clinic",Biomedical,NULL
U-MM,398,"big ben round",NULL,NULL,MOH,2011-01-01,NULL,NULL,NULL,NULL,"Hypertension clinic",Biomedical,NULL
U-MM,399,"big ben round",NULL,NULL,MOH,2010-01-01,NULL,NULL,NULL,NULL,"Hypertension clinic",Biomedical,NULL
U-MM,400,nova-presameter,110100630,NULL,MOH,2010-01-01,NULL,NULL,NULL,NULL,"Hypertension clinic",Biomedical,NULL
U-MM,401,"Soehnle Professional",2755,NULL,Novel,2006-01-01,NULL,NULL,NULL,NULL,"Hypertension clinic",Biomedical,NULL
U-MM,402,"big ben round",NULL,NULL,MOH,2010-01-01,NULL,NULL,NULL,NULL,"Hypertension clinic",Biomedical,NULL
U-MM,403,"big ben round",NULL,NULL,MOH,2010-01-01,NULL,NULL,NULL,NULL,"Hypertension clinic",Biomedical,NULL
U-MM,404,NULL,NULL,NULL,MOH,2012-01-01,NULL,NULL,NULL,NULL,"Diabetic Clinic",Biomedical,NULL
U-MM,405,"big ben round",NULL,NULL,MOH,2010-01-01,NULL,NULL,NULL,NULL,"Diabetic Clinic",Biomedical,NULL
U-MM,406,"big ben round",NULL,NULL,MOH,2010-01-01,NULL,NULL,NULL,NULL,"Diabetic Clinic",Biomedical,NULL
U-MM,407,NULL,NULL,NULL,NULL,NULL,NULL,NULL,NULL,NULL,"Diabetic Clinic",Biomedical,NULL
U-MM,408,TG-8866,NULL,NULL,NULL,NULL,NULL,NULL,NULL,NULL,"Diabetic Clinic",Biomedical,NULL
U-MM,409,NULL,GP0097885,NULL,ADB,2007-01-01,NULL,NULL,NULL,NULL,"Diabetic Clinic",Biomedical,NULL
U-MM,410,NULL,NULL,NULL,WHO,2007-01-01,NULL,NULL,NULL,NULL,"Diabetic Clinic",Biomedical,NULL
U-MM,411,NULL,NULL,NULL,MOH,2009-01-01,NULL,NULL,NULL,NULL,"Diabetic Clinic",Biomedical,NULL
U-MM,412,NULL,NULL,NULL,WHO,2007-01-01,NULL,NULL,NULL,NULL,"Diabetic Clinic",Biomedical,NULL
U-MM,413,NULL,NULL,NULL,"World Diabetes Foundation",2008-01-01,NULL,NULL,NULL,NULL,"Diabetic Clinic",Biomedical,NULL
U-MM,414,"The Slim Deluxe",NULL,NULL,NULL,NULL,NULL,NULL,NULL,NULL,"Diabetic Clinic",Biomedical,NULL
U-MM,415,"Health Scale",NULL,NULL,"Private donor",NULL,NULL,NULL,NULL,NULL,"Diabetic Clinic",Biomedical,NULL
U-MM,416,NULL,NULL,NULL,"Private Donor",NULL,NULL,NULL,NULL,NULL,"Diabetic Clinic",Biomedical,NULL
U-MM,417,NULL,NULL,NULL,"Finnish Diabetic Association",1990-01-01,NULL,NULL,NULL,NULL,"Diabetic Clinic",Biomedical,NULL
U-MM,418,"AMS 100",a10412106,NULL,MOH,2004-01-01,NULL,NULL,NULL,NULL,OT4,Biomedical,NULL
U-MM,419,"unidad respiratoria",0-1-2048,NULL,NULL,2009-01-01,NULL,NULL,NULL,NULL,OT4,Biomedical,NULL
U-MM,420,ergotronic-3,a518-a,NULL,"Ned Foundation",2009-01-01,NULL,NULL,NULL,NULL,OT4,Biomedical,NULL
U-MM,421,"Surgical 2080",RB122585-002,NULL,NULL,NULL,NULL,NULL,NULL,NULL,OT4,Biomedical,NULL
U-MM,422,NULL,NULL,NULL,NULL,NULL,NULL,NULL,NULL,NULL,OT4,Biomedical,NULL
U-MM,423,"big ben round",NULL,NULL,NULL,NULL,NULL,NULL,NULL,NULL,OT4,Biomedical,NULL
U-MM,424,"Tran Star",NULL,NULL,Chara,2010-01-01,NULL,NULL,NULL,NULL,"OT Waiting Area",Biomedical,NULL
U-MM,425,ER18,NULL,NULL,Chara,2010-01-01,NULL,NULL,NULL,NULL,"OT Waiting Area",Biomedical,NULL
U-MM,426,NULL,NULL,NULL,UNDP,NULL,NULL,NULL,NULL,NULL,"OT Waiting Area",Biomedical,NULL
U-MM,427,ax-450,NULL,NULL,NULL,NULL,NULL,NULL,NULL,NULL,OT4,Biomedical,NULL
U-MM,428,artec,1040700864,NULL,NULL,2005-01-01,NULL,NULL,NULL,NULL,"OR Corridor",Biomedical,NULL
U-MM,429,BCD-216W,NULL,NULL,NULL,NULL,NULL,NULL,NULL,NULL,"OT Female Changing Room",Biomedical,NULL
U-MM,430,"Con-Verge Series",NULL,NULL,NULL,NULL,NULL,NULL,NULL,NULL,"Ultrasound Room",Biomedical,NULL
U-MM,431,NULL,NULL,NULL,UNFPA,NULL,NULL,NULL,NULL,NULL,Corridor,Biomedical,NULL
U-MM,432,NULL,NULL,NULL,MOH,NULL,NULL,NULL,NULL,NULL,Corridor,Biomedical,NULL
U-MM,433,Atlantis,NULL,NULL,NULL,NULL,NULL,NULL,NULL,NULL,"Laundry room",Biomedical,NULL
U-MM,434,Atlantis,NULL,NULL,NULL,NULL,NULL,NULL,NULL,NULL,"Laundry room",Biomedical,NULL
U-MM,435,"4532388EH5IU Sirecust 610",1566,NULL,NULL,NULL,NULL,NULL,NULL,NULL,Corridor,Biomedical,NULL
U-MM,436,LS-B100L,410,NULL,UNFPA,2011-01-01,NULL,NULL,NULL,NULL,"Changing room",Biomedical,NULL
U-MM,437,LS-B100L,NULL,NULL,UNFPA,2010-01-01,NULL,NULL,NULL,NULL,"Changing room",Biomedical,NULL
U-MM,438,NULL,NULL,NULL,NULL,NULL,NULL,NULL,NULL,NULL,Corridor,Biomedical,NULL
U-MM,439,NULL,NULL,NULL,NULL,NULL,NULL,NULL,NULL,NULL,Corridor,Biomedical,NULL
U-MM,440,NULL,NULL,NULL,NULL,NULL,NULL,NULL,NULL,NULL,"Admission room",Biomedical,NULL
U-MM,441,Health-o-meter,NULL,NULL,NULL,NULL,NULL,NULL,NULL,NULL,"Admission room",Biomedical,NULL
U-MM,442,NULL,11080810012,NULL,MOH,2012-01-01,NULL,NULL,NULL,NULL,"Antenatal Ward",Biomedical,NULL
U-MM,443,CX21,5F90518,NULL,MOH,NULL,NULL,NULL,NULL,NULL,"Minor Laboratory",Biomedical,NULL
U-MM,444,Bloodbanken,42100404,NULL,MOH,NULL,NULL,NULL,NULL,NULL,"Minor Laboratory",Biomedical,NULL
U-MM,445,BTS-305,NULL,NULL,MOH,NULL,NULL,NULL,NULL,NULL,"Minor Laboratory",Biomedical,NULL
U-MM,446,NULL,NULL,NULL,MOH,NULL,NULL,NULL,NULL,NULL,"Minor Laboratory",Biomedical,NULL
U-MM,447,"AutoCounter 910 Eco+",00-01731-02,NULL,MOH,NULL,NULL,NULL,NULL,NULL,"Minor Laboratory",Biomedical,NULL
U-MM,448,"Hb 201+",1113013398,NULL,MOH,NULL,NULL,NULL,NULL,NULL,"Minor Laboratory",Biomedical,NULL
U-MM,449,NULL,0179152,NULL,"Private Donor",2002-01-01,NULL,NULL,NULL,NULL,"Minor Laboratory",Biomedical,NULL
U-MM,450,NULL,NULL,NULL,MOH,NULL,NULL,NULL,NULL,NULL,"Minor Laboratory",Biomedical,NULL
U-MM,451,R303,NULL,2002,MOH,NULL,NULL,NULL,NULL,NULL,"Minor Laboratory",Biomedical,NULL
U-MM,452,Bloodbanken,42136601,NULL,MOH,NULL,NULL,NULL,NULL,NULL,"Minor Laboratory",Biomedical,NULL
U-MM,453,NULL,NULL,NULL,MOH,NULL,NULL,NULL,NULL,NULL,"Nurse's Station",Biomedical,NULL
U-MM,454,ZR-140FC,NULL,NULL,MOH,2012-01-01,NULL,NULL,NULL,NULL,"Nurse's Station",Biomedical,NULL
U-MM,455,ZR-155,NULL,NULL,MOH,2012-01-01,NULL,NULL,NULL,NULL,"Room 3",Biomedical,NULL
U-MM,456,SGR101,908000011010906280065,NULL,MOH,2012-01-01,NULL,NULL,NULL,NULL,"Room 4",Biomedical,NULL
U-MM,457,SGR101,NULL,NULL,MOH,2012-01-01,NULL,NULL,NULL,NULL,"Room 5",Biomedical,NULL
U-MM,458,SGR101,908000011010906280032,NULL,MOH,2012-01-01,NULL,NULL,NULL,NULL,"Room 6",Biomedical,NULL
U-MM,459,SGR101,908000011010906280036,NULL,MOH,2012-01-01,NULL,NULL,NULL,NULL,"Room 1",Biomedical,NULL
U-MM,460,F-36,030021,NULL,MOH,NULL,NULL,NULL,NULL,NULL,"Room 7",Biomedical,NULL
U-MM,461,ZR-155,NULL,NULL,MOH,2012-01-01,NULL,NULL,NULL,NULL,"Room 7",Biomedical,NULL
U-MM,462,ZR-155,110832,NULL,MOH,2012-01-01,NULL,NULL,NULL,NULL,Dispensary,Biomedical,NULL
U-MM,463,"GDZ 9651A",2729045,2007,NULL,NULL,NULL,NULL,NULL,NULL,"Minor OT",Biomedical,NULL
U-MM,464,NULL,NULL,NULL,Zayadesa,NULL,NULL,NULL,NULL,NULL,"Antenatal Staff Room",Biomedical,NULL
U-MM,465,NULL,300B,NULL,Zayadesa,NULL,NULL,NULL,NULL,NULL,"Antenatal Staff Room",Biomedical,NULL
U-MM,466,NULL,NULL,NULL,Zayadesa,NULL,NULL,NULL,NULL,NULL,"Antenatal Staff Room",Biomedical,NULL
U-MM,467,NULL,NULL,NULL,Zayadesa,NULL,NULL,NULL,NULL,NULL,"Antenatal Staff Room",Biomedical,NULL
U-MM,468,NULL,NULL,NULL,Zayadesa,NULL,NULL,NULL,NULL,NULL,"Antenatal Staff Room",Biomedical,NULL
U-MM,469,"Fetatrack 120",pd1/027232,NULL,Zayadesa,NULL,NULL,NULL,NULL,NULL,"Antenatal Staff Room",Biomedical,NULL
U-MM,470,NULL,NULL,NULL,Zayadesa,NULL,NULL,NULL,NULL,NULL,"Antenatal Staff Room",Biomedical,NULL
U-MM,471,NULL,NULL,NULL,"Private Donor",NULL,NULL,NULL,NULL,NULL,"Antenatal Staff Room",Biomedical,NULL
U-MM,472,NULL,NULL,NULL,Zayadesa,NULL,NULL,NULL,NULL,NULL,"Antenatal Staff Room",Biomedical,NULL
U-MM,473,NULL,110105205,NULL,Zayadesa,NULL,NULL,NULL,NULL,NULL,"Antenatal Staff Room",Biomedical,NULL
U-MM,474,NULL,2101,NULL,NULL,NULL,NULL,NULL,NULL,NULL,OT2,Biomedical,NULL
U-MM,475,A107291-8,NULL,NULL,Zayadesa,NULL,NULL,NULL,NULL,NULL,"Antenatal Staff Room",Biomedical,NULL
U-MM,476,NULL,NULL,NULL,Zayadesa,NULL,NULL,NULL,NULL,NULL,"Antenatal Staff Room",Biomedical,NULL
U-MM,477,NULL,NULL,NULL,Zayadesa,NULL,NULL,NULL,NULL,NULL,"Antenatal Staff Room",Biomedical,NULL
U-MM,478,NULL,NULL,NULL,Zayadesa,NULL,NULL,NULL,NULL,NULL,"Antenatal Staff Room",Biomedical,NULL
U-MM,479,NULL,NULL,NULL,Zayadesa,NULL,NULL,NULL,NULL,NULL,"Antenatal Staff Room",Biomedical,NULL
U-MM,480,CTJ-1A,A10033873,2006,"Private Donor",NULL,NULL,NULL,NULL,NULL,"Antenatal Staff Room",Biomedical,NULL
U-MM,481,"Dopplex D920",NULL,NULL,Zayadesa,NULL,NULL,NULL,NULL,NULL,"Antenatal Staff Room",Biomedical,NULL
U-MM,482,"Dopplex II FD2",NULL,NULL,Zayadesa,NULL,NULL,NULL,NULL,NULL,"Antenatal Staff Room",Biomedical,NULL
U-MM,483,NULL,NULL,NULL,Zayadesa,NULL,NULL,NULL,NULL,NULL,"Antenatal Staff Room",Biomedical,NULL
U-MM,484,nova-presameter,110100622,NULL,MOH,NULL,NULL,NULL,NULL,NULL,"Hypertension clinic",Biomedical,NULL
U-MM,485,NULL,NULL,NULL,NULL,NULL,NULL,NULL,NULL,NULL,"Hypertension clinic",Biomedical,NULL
U-MM,486,8598885K1555,2830,NULL,MOH,2010-01-01,2012-01-01,NULL,NULL,"Pacific Diagnostics","Operator's Room",Biomedical,NULL
U-MM,487,VRC60025,403002403a-2556948,NULL,MOH,2010-01-01,NULL,NULL,NULL,NULL,"Operator's Room",Biomedical,NULL
U-MM,488,VEC600,403002739A57055,NULL,MOH,2010-01-01,2012-01-01,NULL,NULL,"Pacific Diagnostics","Operator's Room",Biomedical,NULL
U-MM,489,08596566,13313,2008,MOH,2010-01-01,2012-01-01,NULL,NULL,"Pacific Diagnostics","Examination Room",Biomedical,NULL
U-MM,490,10165880,29271,2008,MOH,2010-01-01,2012-01-01,NULL,NULL,"Pacific Diagnostics","Examination Room",Biomedical,NULL
U-MM,491,VHU600,57026,NULL,MOH,2010-01-01,2012-01-01,NULL,NULL,"Pacific Diagnostics","Examination Room",Biomedical,NULL
U-MM,492,10165884,1431,2010,MOH,2010-01-01,2012-01-01,NULL,NULL,"Pacific Diagnostics","Examination Room",Biomedical,NULL
U-MM,493,NULL,NULL,2010,MOH,NULL,NULL,NULL,NULL,NULL,"Operator's Room",Biomedical,NULL
U-MM,494,NULL,NULL,2010,MOH,NULL,NULL,NULL,NULL,NULL,"Operator's Room",Biomedical,NULL
U-MM,495,NULL,NULL,NULL,MOH,NULL,NULL,NULL,NULL,NULL,"Antenatal Staff Room",Biomedical,NULL
U-MM,496,NULL,NULL,NULL,MOH,NULL,NULL,NULL,NULL,NULL,"Antenatal Staff Room",Biomedical,NULL
U-MM,497,NULL,NULL,NULL,MOH,NULL,NULL,NULL,NULL,NULL,"Antenatal Staff Room",Biomedical,NULL
U-MM,498,NULL,NULL,2011,"Private donor",2011-01-01,NULL,NULL,NULL,NULL,"Antenatal Staff Room",Biomedical,NULL
U-MM,499,NULL,NULL,2011,"Private donor",2011-01-01,NULL,NULL,NULL,NULL,"Antenatal Staff Room",Biomedical,NULL
U-MM,500,NULL,2825a57208,NULL,MOH,NULL,NULL,NULL,NULL,NULL,"Antenatal Staff Room",Biomedical,NULL
U-MM,501,NULL,1108095406,NULL,MOH,2012-01-01,NULL,NULL,NULL,NULL,"Sister's Room",Biomedical,NULL
U-MM,502,"Ultramark 4 Plus",X8161,NULL,"Aide Medicale & Development Grenoble France",NULL,NULL,NULL,NULL,NULL,"Ultrasound Room",Biomedical,NULL
U-MM,503,AXSM-210-600,NULL,NULL,MOH,NULL,NULL,NULL,NULL,NULL,"Autoclave Room",Biomedical,NULL
U-MM,504,B33KW18,B526,NULL,MOH,1997-01-01,NULL,NULL,NULL,NULL,"Autoclave Room",Biomedical,NULL
U-MM,505,R52,v1082986,2011,Midmark,NULL,NULL,NULL,NULL,NULL,"Dental Clinic Old Mapinduzi",Biomedical,NULL
U-MM,506,029-5135-00,V1084306,2011,Midmark,NULL,NULL,NULL,NULL,NULL,"Dental Clinic Old Mapinduzi",Biomedical,NULL
U-MM,507,SSD-4000,M04099,NULL,"Associazione Medica Forlivese",NULL,NULL,NULL,NULL,NULL,"Ultrasound Room",Biomedical,NULL
U-MM,508,EUB-555,19896605,NULL,NULL,NULL,NULL,NULL,NULL,NULL,"Ultrasound Room",Biomedical,NULL
U-MM,509,M2540A,US20505805,NULL,NULL,NULL,NULL,NULL,NULL,NULL,"Ultrasound Room",Biomedical,NULL
U-MM,510,"Sigma 44HVCD",315108,NULL,NULL,NULL,NULL,NULL,NULL,NULL,"Ultrasound Room",Biomedical,NULL
U-MM,511,"Sigma 330",315085,NULL,NULL,NULL,NULL,NULL,NULL,NULL,"Ultrasound Room",Biomedical,NULL
